-- phpMyAdmin SQL Dump
-- version 5.2.1
-- https://www.phpmyadmin.net/
--
-- Host: 127.0.0.1
-- Generation Time: Jan 11, 2026 at 11:30 AM
-- Server version: 10.4.32-MariaDB
-- PHP Version: 8.0.30

SET SQL_MODE = "NO_AUTO_VALUE_ON_ZERO";
START TRANSACTION;
SET time_zone = "+00:00";


/*!40101 SET @OLD_CHARACTER_SET_CLIENT=@@CHARACTER_SET_CLIENT */;
/*!40101 SET @OLD_CHARACTER_SET_RESULTS=@@CHARACTER_SET_RESULTS */;
/*!40101 SET @OLD_COLLATION_CONNECTION=@@COLLATION_CONNECTION */;
/*!40101 SET NAMES utf8mb4 */;

--
-- Database: `coding_platform`
--

-- --------------------------------------------------------

--
-- Table structure for table `questions`
--

CREATE TABLE `questions` (
  `question_id` int(11) NOT NULL,
  `title` varchar(100) NOT NULL,
  `description` text NOT NULL,
  `difficulty` enum('Easy','Medium','Hard') NOT NULL,
  `topic_id` int(11) NOT NULL,
  `constraints` text DEFAULT NULL
) ENGINE=InnoDB DEFAULT CHARSET=utf8mb4 COLLATE=utf8mb4_general_ci;

--
-- Dumping data for table `questions`
--

INSERT INTO `questions` (`question_id`, `title`, `description`, `difficulty`, `topic_id`, `constraints`) VALUES
(1, 'riskScore', 'Calculate risk using weighted inputs.', 'Medium', 6, '0 <= inputs <= 100'),
(2, 'elasticDivide', 'Division result adapts to input scale.', 'Easy', 6, 'b != 0'),
(3, 'nonLinearRound', 'Round using non-linear brackets.', 'Easy', 6, 'input >= 0'),
(4, 'proximityRank', 'Rank numbers by closeness to pivot.', 'Medium', 6, 'integer inputs'),
(5, 'signTransition', 'Detect sign changes across sequence.', 'Easy', 6, 'non-zero integers'),
(6, 'compoundSum', 'Sum values using compound growth.', 'Medium', 6, 'n >= 1'),
(7, 'numericEncode', 'Encode number into alternate base.', 'Medium', 6, 'n > 0'),
(8, 'powerCascade', 'Validate cascading power relationships.', 'Hard', 6, 'positive integers'),
(9, 'indexProject', 'Map characters to projected positions.', 'Medium', 7, 'string length > 0'),
(10, 'windowSlide', 'Process string using sliding window logic.', 'Medium', 7, 'window size <= length'),
(11, 'offsetSwap', 'Swap elements using offset reference.', 'Easy', 7, 'valid indexes'),
(12, 'ringRotate', 'Rotate data in circular buffer style.', 'Medium', 7, 'k >= 0'),
(13, 'rangeFold', 'Fold ranges inward from edges.', 'Medium', 7, 'array size > 1'),
(14, 'mirrorIndex', 'Reflect index positions mathematically.', 'Easy', 7, 'index >= 0'),
(15, 'segmentShift', 'Shift segments based on rule set.', 'Hard', 7, 'segment size > 0'),
(16, 'indexNormalize', 'Normalize indexes after mutation.', 'Medium', 7, 'indexes >= 0'),
(17, 'growthMatrix', 'Generate an n x n matrix using growth-based multiplication rules.', 'Medium', 8, '1 ≤ n ≤ 10'),
(18, 'ruleDrivenArt', 'Generate a character pattern using predefined symbol transformation rules.', 'Medium', 8, 'Symbols only'),
(19, 'progressWave', 'Generate numeric wave output using arithmetic progression logic.', 'Medium', 8, 'n > 0'),
(20, 'fracturePattern', 'Generate a deterministic broken pattern using a seed value.', 'Hard', 8, 'Seed-based'),
(21, 'layeredSteps', 'Generate a layered staircase pattern with increasing steps.', 'Easy', 8, 'n ≥ 1'),
(22, 'pulseGrid', 'Generate grid output that alternates values in pulse form.', 'Medium', 8, 'Odd-even logic'),
(23, 'spiralText', 'Arrange given text in spiral order.', 'Hard', 8, 'String length ≤ 100'),
(24, 'recursiveMirror', 'Generate mirrored pattern using recursion.', 'Hard', 8, 'Recursive only'),
(25, 'confidenceFilter', 'Filter values greater than or equal to given confidence threshold.', 'Easy', 9, '0 ≤ confidence ≤ 100'),
(26, 'trendIsolate', 'Extract values forming a strictly increasing trend.', 'Medium', 9, 'Sequence length ≥ 1'),
(27, 'noiseSuppress', 'Remove values considered noise based on tolerance.', 'Medium', 9, 'Tolerance ≥ 0'),
(28, 'contextClean', 'Clean data according to metadata flags.', 'Hard', 9, 'Rule-driven'),
(29, 'priorityCull', 'Remove elements below priority threshold.', 'Easy', 9, 'Priority ≥ 0'),
(30, 'signalExtract', 'Extract strongest signal values from dataset.', 'Medium', 9, 'Top-k selection'),
(31, 'anomalyDrop', 'Remove statistical outliers from dataset.', 'Hard', 9, 'Mean deviation'),
(32, 'semanticCompact', 'Compact dataset by merging semantically equivalent values.', 'Hard', 9, 'Mapping-based'),
(33, 'policyEngine', 'Decide final outcome using predefined policy table rules.', 'Medium', 10, 'Rule based'),
(34, 'multiVote', 'Determine final decision from weighted votes.', 'Medium', 10, 'Votes ≥ 1'),
(35, 'fallbackLogic', 'Choose fallback path when primary option fails.', 'Easy', 10, 'Boolean logic'),
(36, 'riskGate', 'Allow action only if risk is within acceptable threshold.', 'Easy', 10, '0 ≤ risk ≤ 100'),
(37, 'strategyPick', 'Pick best strategy based on environment conditions.', 'Medium', 10, 'Enum based'),
(38, 'conflictResolve', 'Resolve conflicts using priority and precedence.', 'Hard', 10, 'Priority driven'),
(39, 'stateEvaluate', 'Evaluate overall system state using multiple parameters.', 'Hard', 10, 'Multi-input'),
(40, 'outcomeSim', 'Simulate final outcome using chained decisions.', 'Hard', 10, 'Deterministic'),
(41, 'Number Right Triangle', 'Print right-angled triangle with numbers starting from 1 to row number.', 'Easy', 11, 'N ≥ 1'),
(42, 'Square Row Pattern', 'Print square of row number repeated row times.', 'Easy', 11, 'N ≥ 1'),
(43, 'Continuous Number Pattern', 'Print continuously increasing numbers across rows.', 'Medium', 11, 'N ≥ 1'),
(44, 'Star Pyramid', 'Print centered pyramid with stars.', 'Medium', 11, 'N ≥ 1'),
(45, 'Alternating Binary Pattern', 'Print alternating 0 and 1 pattern starting with 1.', 'Easy', 11, 'N ≥ 1'),
(46, 'Row Repetition Pattern', 'Print row number repeated row times.', 'Easy', 11, 'N ≥ 1'),
(47, 'Cumulative Number Pattern', 'Print numbers using cumulative sum logic.', 'Medium', 11, 'N ≥ 1'),
(48, 'Diamond Star Pattern', 'Print diamond-shaped star pattern.', 'Hard', 11, 'N ≥ 1'),
(49, 'Inverted Number Triangle', 'Print inverted right-angled number triangle.', 'Easy', 11, 'N ≥ 1'),
(50, 'Right Aligned Star Triangle', 'Print right-aligned triangle using stars.', 'Easy', 11, 'N ≥ 1'),
(51, 'Hollow Pyramid using Stars', 'Print a hollow pyramid star pattern of height N.', 'Medium', 11, '1 ≤ N ≤ 50'),
(52, 'Pascal Triangle Pattern', 'Print Pascal’s triangle for given N.', 'Medium', 11, '1 ≤ N ≤ 20'),
(53, 'Zig-Zag Number Pattern', 'Print numbers in zig-zag order across rows.', 'Medium', 11, '1 ≤ N ≤ 50'),
(54, 'Diamond of Increasing Numbers', 'Print diamond pattern with numbers increasing to row number.', 'Medium', 11, '1 ≤ N ≤ 20'),
(55, 'Alternating X and O Pattern', 'Print pattern with alternating X and O.', 'Easy', 11, '1 ≤ N ≤ 50'),
(56, 'Square Pattern with Border Stars', 'Print square where borders are stars and inside is space.', 'Easy', 11, '1 ≤ N ≤ 50'),
(57, 'Triangle with Cumulative Sums', 'Print cumulative sum triangle.', 'Easy', 11, '1 ≤ N ≤ 50'),
(58, 'Diamond Number Pattern', 'Print diamond pattern with numbers growing toward middle.', 'Medium', 11, '1 ≤ N ≤ 20'),
(59, 'Inverted Pyramid of Stars', 'Print inverted star pyramid.', 'Easy', 11, '1 ≤ N ≤ 50'),
(60, 'Multiplication Triangle Pattern', 'Print number triangle using multiplication table logic.', 'Easy', 11, '1 ≤ N ≤ 20'),
(61, 'Traffic Signal System Simulation', 'Simulate traffic signal actions based on signal input.', 'Easy', 12, 'Signal value must be integer'),
(62, 'Special Discount Eligibility', 'Check eligibility for discount based on age and membership.', 'Medium', 12, 'Age must be non-negative'),
(63, 'Temperature Status Check', 'Determine temperature condition based on Celsius input.', 'Easy', 12, 'Temperature range: integer'),
(64, 'Library Book Penalty Calculation', 'Calculate penalty amount based on late return days.', 'Easy', 12, 'Days must be non-negative'),
(65, 'Bank Transaction Approval', 'Check whether bank withdrawal should be approved.', 'Medium', 12, 'Balance and withdrawal must be positive'),
(66, 'Student Pass Fail Determination', 'Determine student pass or fail based on marks and average.', 'Medium', 12, 'Marks between 0 and 100'),
(67, 'Delivery Charge Selection', 'Calculate delivery charge based on distance and weight.', 'Medium', 12, 'Distance and weight must be positive'),
(68, 'Elevator Decision System', 'Determine elevator movement direction.', 'Easy', 12, 'Floors must be integers'),
(69, 'Fuel Alert System', 'Print alert based on fuel level percentage.', 'Easy', 12, 'Fuel level between 0 and 100'),
(70, 'Age Based Vaccine Eligibility', 'Determine vaccine eligibility based on age.', 'Easy', 12, 'Age must be non-negative'),
(71, 'Movie Ticket Pricing', 'Calculate ticket price using age and show time.', 'Medium', 12, NULL),
(72, 'Online Exam Result Classification', 'Classify result based on marks.', 'Easy', 12, NULL),
(73, 'Parking Fee Calculation', 'Calculate parking fee based on hours parked.', 'Easy', 12, NULL),
(74, 'Weather Alert System', 'Issue weather alert based on wind speed.', 'Easy', 12, NULL),
(75, 'Online Shopping Discount', 'Calculate discount using amount and membership.', 'Medium', 12, NULL),
(76, 'Car Rental Charges', 'Calculate rental charges based on car type and days.', 'Medium', 12, NULL),
(77, 'Hospital Emergency Priority', 'Assign priority based on patient condition.', 'Easy', 12, NULL),
(78, 'Coffee Shop Recommendation', 'Recommend items based on time of day.', 'Easy', 12, NULL),
(79, 'Gym Membership Fee', 'Calculate membership fee using age and type.', 'Medium', 12, NULL),
(80, 'Smart Home Temperature Control', 'Control temperature based on room conditions.', 'Easy', 12, NULL),
(81, 'Dynamic Memory Allocation (malloc)', 'Dynamically allocate memory for a single integer using malloc.', 'Easy', 13, NULL),
(82, 'Dynamic Array Allocation (calloc)', 'Dynamically allocate memory for an integer array using calloc.', 'Easy', 13, NULL),
(83, 'Array Resizing Using realloc', 'Increase array size dynamically while preserving data.', 'Medium', 13, NULL),
(84, 'Void Pointer Demonstration', 'Use void pointer to store multiple data types.', 'Medium', 13, NULL),
(85, 'Manual String Copy Using Pointers', 'Copy string manually using pointers without library functions.', 'Medium', 13, NULL),
(86, 'Pointer to Pointer Modification', 'Modify integer value using pointer to pointer.', 'Medium', 13, NULL),
(87, 'Memory Leak Demonstration', 'Show memory leakage by not freeing allocated memory.', 'Easy', 13, NULL),
(88, 'Dynamic Stack Simulation', 'Simulate integer stack using dynamic memory.', 'Hard', 13, NULL),
(89, 'Dynamic Structure Allocation', 'Dynamically allocate memory for structure.', 'Medium', 13, NULL),
(90, 'Dynamic 2D Array Allocation', 'Allocate and display 2D array using pointers.', 'Hard', 13, NULL),
(91, 'Pointer Arithmetic', 'Access array elements using pointer arithmetic.', 'Easy', 13, NULL),
(92, 'Memory Allocation Failure Handling', 'Check allocation success before use.', 'Easy', 13, NULL),
(93, 'Dynamic String Allocation', 'Allocate memory dynamically for string input.', 'Easy', 13, NULL),
(94, 'Swap Dynamic Variables', 'Swap two dynamically allocated integers using pointers.', 'Medium', 13, NULL),
(95, 'Memory Cleanup Verification', 'Allocate, use, free memory and confirm cleanup.', 'Easy', 13, NULL),
(96, 'Even or Odd using Bitwise', 'Check whether a number is even or odd using bitwise operator', 'Easy', 12, NULL),
(97, 'Set Clear Toggle Bits', 'Set, clear and toggle a specific bit of an integer', 'Easy', 14, NULL),
(98, 'Count Set Bits', 'Count number of set bits using bitwise operations', 'Easy', 14, NULL),
(99, 'Pack Values Using Bits', 'Pack day, month and year into a single integer', 'Easy', 14, NULL),
(100, 'Structure Padding', 'Demonstrate structure padding and alignment', 'Easy', 14, NULL),
(101, 'Union Memory Sharing', 'Demonstrate memory sharing using union', 'Easy', 14, NULL),
(102, 'Structure Pointer Access', 'Access structure members using pointer', 'Easy', 14, NULL),
(103, 'Bit Field Device Register', 'Simulate device register using bit fields', 'Easy', 14, NULL),
(104, 'Swap using XOR', 'Swap two numbers using XOR', 'Easy', 14, NULL),
(105, 'Power of Two Check', 'Check whether number is power of two', 'Easy', 14, NULL),
(106, 'Structure Copy', 'Copy structure using assignment operator', 'Easy', 14, NULL),
(107, 'Detect Endianness', 'Detect system endianness using bitwise logic', 'Easy', 14, NULL),
(108, 'Bit Mask Extraction', 'Extract bits using bit masking', 'Easy', 14, NULL),
(109, 'Nested Structures', 'Demonstrate nested structures', 'Easy', 14, NULL),
(110, 'Toggle All Bits', 'Toggle all bits using bitwise NOT', 'Easy', 14, NULL),
(111, 'Encapsulation with Private Members', 'Store integer and string using private members and public functions.', 'Easy', 13, NULL),
(112, 'Constructor Initialization', 'Initialize object using constructor parameters.', 'Easy', 13, NULL),
(113, 'Destructor Demonstration', 'Show constructor and destructor invocation.', 'Easy', 13, NULL),
(114, 'Array of Objects', 'Store multiple objects in an array and display values.', 'Medium', 13, NULL),
(115, 'Data Hiding Example', 'Restrict direct access to private members.', 'Easy', 13, NULL),
(116, 'Static Data Member Counter', 'Count objects using static member.', 'Medium', 13, NULL),
(117, 'Passing Object to Function', 'Pass object to function and display data.', 'Easy', 13, NULL),
(118, 'Returning Object from Function', 'Return object from function.', 'Medium', 13, NULL),
(119, 'Inline Member Functions', 'Use inline functions inside class.', 'Easy', 13, NULL),
(120, 'Default Constructor', 'Initialize object using default constructor.', 'Easy', 13, NULL),
(121, 'Constant Data Member', 'Use constant data member inside class.', 'Easy', 13, NULL),
(122, 'Constant Object Usage', 'Access data using const member functions.', 'Medium', 13, NULL),
(123, 'Getter and Setter Methods', 'Access private data using getters and setters.', 'Easy', 13, NULL),
(124, 'This Pointer Usage', 'Use this pointer to resolve ambiguity.', 'Easy', 13, NULL),
(125, 'Object Lifetime Demonstration', 'Show creation and destruction across scopes.', 'Medium', 13, NULL),
(126, 'Single Inheritance Demonstration', 'Demonstrate derived class accessing base class data.', 'Easy', 14, NULL),
(127, 'Constructor Execution Order', 'Show order of base and derived constructors.', 'Easy', 14, NULL),
(128, 'Function Overriding', 'Override base class function in derived class.', 'Easy', 14, NULL),
(129, 'Runtime Polymorphism', 'Demonstrate polymorphism using base class pointer.', 'Medium', 14, NULL),
(130, 'Dynamic Binding using Virtual Functions', 'Use virtual functions for runtime binding.', 'Medium', 14, NULL),
(131, 'Pure Virtual Function', 'Implement abstract class using pure virtual function.', 'Medium', 14, NULL),
(132, 'Vehicle Inheritance System', 'Real-world inheritance example using vehicle system.', 'Easy', 14, NULL),
(133, 'Virtual Destructor', 'Demonstrate proper destructor calling using base pointer.', 'Medium', 14, NULL),
(134, 'Multilevel Inheritance', 'Demonstrate inheritance chain.', 'Easy', 14, NULL),
(135, 'Hierarchical Inheritance', 'Multiple derived classes from one base class.', 'Easy', 14, NULL),
(136, 'Upcasting and Downcasting', 'Demonstrate type casting in inheritance.', 'Medium', 14, NULL),
(137, 'Final Keyword Usage', 'Prevent overriding using final keyword.', 'Medium', 14, NULL),
(138, 'Virtual Function in Constructor', 'Show virtual behavior inside constructor.', 'Hard', 14, NULL),
(139, 'Abstract Class Multiple Implementations', 'Multiple derived classes from abstract base.', 'Medium', 14, NULL),
(140, 'Polymorphism in Function Parameters', 'Demonstrate polymorphism using base reference.', 'Medium', 14, NULL),
(141, 'Vector Operations', 'Insert, delete and traverse elements using vector', 'Easy', 14, NULL),
(142, 'Map Key Search', 'Store and search key-value pairs using map', 'Easy', 14, NULL),
(143, 'Set Unique Sorting', 'Demonstrate uniqueness and sorting using set', 'Easy', 14, NULL),
(144, 'Iterator Traversal', 'Traverse container using iterator', 'Easy', 14, NULL),
(145, 'Stack Reverse Sequence', 'Reverse numbers using stack', 'Easy', 14, NULL),
(146, 'Queue Ticket System', 'Simulate ticket system using queue', 'Easy', 14, NULL),
(147, 'STL Sort Algorithm', 'Sort elements using STL sort()', 'Easy', 14, NULL),
(148, 'Lambda Addition', 'Add two numbers using lambda', 'Easy', 14, NULL),
(149, 'Find Max and Min', 'Find maximum and minimum using STL', 'Easy', 14, NULL),
(150, 'Count Occurrences', 'Count element occurrences using STL', 'Easy', 14, NULL),
(151, 'Erase Remove Idiom', 'Remove elements using erase-remove idiom', 'Medium', 14, NULL),
(152, 'Priority Queue Scheduling', 'Task scheduling using priority queue', 'Medium', 14, NULL),
(153, 'Unordered Map Lookup', 'Fast lookup using unordered_map', 'Medium', 14, NULL),
(154, 'Lambda Even Odd', 'Check even or odd using lambda', 'Easy', 14, NULL),
(155, 'for_each with Lambda', 'Traverse container using for_each lambda', 'Easy', 14, NULL);

-- --------------------------------------------------------

--
-- Table structure for table `question_variants`
--

CREATE TABLE `question_variants` (
  `variant_id` int(11) NOT NULL,
  `question_id` int(11) NOT NULL,
  `language` enum('C','CPP') NOT NULL,
  `function_signature` varchar(150) NOT NULL,
  `starter_code` text DEFAULT NULL
) ENGINE=InnoDB DEFAULT CHARSET=utf8mb4 COLLATE=utf8mb4_general_ci;

--
-- Dumping data for table `question_variants`
--

INSERT INTO `question_variants` (`variant_id`, `question_id`, `language`, `function_signature`, `starter_code`) VALUES
(1, 1, 'C', 'int riskScore(int a, int b, int c);', 'int riskScore(int a, int b, int c) {\n    return (a*2 + b*3 + c*5) / 10;\n}'),
(2, 1, 'CPP', 'int riskScore(int a, int b, int c);', 'int riskScore(int a, int b, int c) {\n    return (a*2 + b*3 + c*5) / 10;\n}'),
(3, 2, 'C', 'int elasticDivide(int a, int b);', 'int elasticDivide(int a, int b) {\n    if (b > a) return 0;\n    return a / b;\n}'),
(4, 2, 'CPP', 'int elasticDivide(int a, int b);', 'int elasticDivide(int a, int b) {\n    if (b > a) return 0;\n    return a / b;\n}'),
(5, 3, 'C', 'int nonLinearRound(float x);', 'int nonLinearRound(float x) {\n    if (x < 2.5) return 2;\n    if (x < 7.5) return 5;\n    return 10;\n}'),
(6, 3, 'CPP', 'int nonLinearRound(float x);', 'int nonLinearRound(float x) {\n    if (x < 2.5) return 2;\n    if (x < 7.5) return 5;\n    return 10;\n}'),
(7, 4, 'C', 'int proximityRank(int a, int b, int pivot);', 'int proximityRank(int a, int b, int pivot) {\n    return abs(a - pivot) < abs(b - pivot) ? a : b;\n}'),
(8, 4, 'CPP', 'int proximityRank(int a, int b, int pivot);', 'int proximityRank(int a, int b, int pivot) {\n    return abs(a - pivot) < abs(b - pivot) ? a : b;\n}'),
(9, 5, 'C', 'int signTransition(int a, int b);', 'int signTransition(int a, int b) {\n    return (a < 0 && b > 0) || (a > 0 && b < 0);\n}'),
(10, 5, 'CPP', 'int signTransition(int a, int b);', 'int signTransition(int a, int b) {\n    return (a < 0 && b > 0) || (a > 0 && b < 0);\n}'),
(11, 6, 'C', 'int compoundSum(int n);', 'int compoundSum(int n) {\n    int sum = 0;\n    for (int i = 1; i <= n; i++) sum += i * i;\n    return sum;\n}'),
(12, 6, 'CPP', 'int compoundSum(int n);', 'int compoundSum(int n) {\n    int sum = 0;\n    for (int i = 1; i <= n; i++) sum += i * i;\n    return sum;\n}'),
(13, 7, 'C', 'int numericEncode(int n);', 'int numericEncode(int n) {\n    int r = 0, p = 1;\n    while (n) {\n        r += (n % 2) * p;\n        p *= 10;\n        n /= 2;\n    }\n    return r;\n}'),
(14, 7, 'CPP', 'int numericEncode(int n);', 'int numericEncode(int n) {\n    int r = 0, p = 1;\n    while (n) {\n        r += (n % 2) * p;\n        p *= 10;\n        n /= 2;\n    }\n    return r;\n}'),
(15, 8, 'C', 'int powerCascade(int a, int b);', 'int powerCascade(int a, int b) {\n    return (a * a == b) || (b * b == a);\n}'),
(16, 8, 'CPP', 'int powerCascade(int a, int b);', 'int powerCascade(int a, int b) {\n    return (a * a == b) || (b * b == a);\n}'),
(17, 9, 'C', 'void indexProject(char s[], char out[]);', 'void indexProject(char s[], char out[]) {\n    int n = strlen(s);\n    for(int i=0;i<n;i++) out[(i*2)%n] = s[i];\n}'),
(18, 9, 'CPP', 'string indexProject(string s);', 'string indexProject(string s) {\n    int n=s.size(); string out(n,\' \');\n    for(int i=0;i<n;i++) out[(i*2)%n]=s[i];\n    return out;\n}'),
(19, 10, 'C', 'int windowSlide(int a[], int n, int k);', 'int windowSlide(int a[], int n, int k) {\n    int max=0;\n    for(int i=0;i<=n-k;i++){\n        int sum=0;\n        for(int j=i;j<i+k;j++) sum+=a[j];\n        if(sum>max) max=sum;\n    }\n    return max;\n}'),
(20, 10, 'CPP', 'int windowSlide(vector<int> a, int k);', 'int windowSlide(vector<int> a, int k) {\n    int max=0;\n    for(int i=0;i<=a.size()-k;i++){\n        int sum=0;\n        for(int j=i;j<i+k;j++) sum+=a[j];\n        max=max>sum?max:sum;\n    }\n    return max;\n}'),
(21, 11, 'C', 'void offsetSwap(int a[], int i, int j);', 'void offsetSwap(int a[], int i, int j) {\n    int t=a[i]; a[i]=a[j]; a[j]=t;\n}'),
(22, 11, 'CPP', 'void offsetSwap(vector<int>& a, int i, int j);', 'void offsetSwap(vector<int>& a, int i, int j) {\n    swap(a[i], a[j]);\n}'),
(23, 12, 'C', 'void ringRotate(int a[], int n, int k);', 'void ringRotate(int a[], int n, int k) {\n    k%=n;\n    int temp[n];\n    for(int i=0;i<n;i++) temp[(i+k)%n]=a[i];\n    for(int i=0;i<n;i++) a[i]=temp[i];\n}'),
(24, 12, 'CPP', 'vector<int> ringRotate(vector<int> a, int k);', 'vector<int> ringRotate(vector<int> a, int k) {\n    int n=a.size(); k%=n;\n    vector<int> r(n);\n    for(int i=0;i<n;i++) r[(i+k)%n]=a[i];\n    return r;\n}'),
(25, 13, 'C', 'int rangeFold(int a[], int n);', 'int rangeFold(int a[], int n) {\n    int sum=0;\n    for(int i=0;i<n/2;i++) sum+=a[i]+a[n-1-i];\n    return sum;\n}'),
(26, 13, 'CPP', 'int rangeFold(vector<int> a);', 'int rangeFold(vector<int> a) {\n    int sum=0;\n    for(int i=0;i<a.size()/2;i++) sum+=a[i]+a[a.size()-1-i];\n    return sum;\n}'),
(27, 14, 'C', 'int mirrorIndex(int i, int n);', 'int mirrorIndex(int i, int n) {\n    return n-1-i;\n}'),
(28, 14, 'CPP', 'int mirrorIndex(int i, int n);', 'int mirrorIndex(int i, int n) {\n    return n-1-i;\n}'),
(29, 15, 'C', 'void segmentShift(int a[], int n, int k);', 'void segmentShift(int a[], int n, int k) {\n    for(int i=0;i<n;i+=k)\n        if(i+k<n) offsetSwap(a,i,i+k);\n}'),
(30, 15, 'CPP', 'vector<int> segmentShift(vector<int> a, int k);', 'vector<int> segmentShift(vector<int> a, int k) {\n    for(int i=0;i+k<a.size();i+=k) swap(a[i],a[i+k]);\n    return a;\n}'),
(31, 16, 'C', 'int indexNormalize(int i, int n);', 'int indexNormalize(int i, int n) {\n    return i%n;\n}'),
(32, 16, 'CPP', 'int indexNormalize(int i, int n);', 'int indexNormalize(int i, int n) {\n    return i%n;\n}'),
(33, 17, 'C', 'void growthMatrix(int n);', 'void growthMatrix(int n) {\n    for(int i=1;i<=n;i++){\n        for(int j=1;j<=n;j++) printf(\"%d \",i*j);\n        printf(\"\\n\");\n    }\n}'),
(34, 17, 'CPP', 'void growthMatrix(int n);', 'void growthMatrix(int n) {\n    for(int i=1;i<=n;i++){\n        for(int j=1;j<=n;j++) cout<<i*j<<\" \";\n        cout<<endl;\n    }\n}'),
(35, 18, 'C', 'void ruleDrivenArt(int n);', 'void ruleDrivenArt(int n) {\n    for(int i=0;i<n;i++){\n        for(int j=0;j<=i;j++) printf(\"*\");\n        printf(\"\\n\");\n    }\n}'),
(36, 18, 'CPP', 'void ruleDrivenArt(int n);', 'void ruleDrivenArt(int n) {\n    for(int i=0;i<n;i++){\n        for(int j=0;j<=i;j++) cout<<\"*\";\n        cout<<endl;\n    }\n}'),
(37, 19, 'C', 'void progressWave(int n);', 'void progressWave(int n){\n    int v=1;\n    for(int i=0;i<n;i++){ printf(\"%d \",v); v+=2; }\n}'),
(38, 19, 'CPP', 'void progressWave(int n);', 'void progressWave(int n){\n    int v=1;\n    for(int i=0;i<n;i++){ cout<<v<<\" \"; v+=2; }\n}'),
(39, 20, 'C', 'void fracturePattern(int n,int seed);', 'void fracturePattern(int n,int seed){ srand(seed);\n    for(int i=0;i<n;i++) printf(\"%d \",rand()%10);\n}'),
(40, 20, 'CPP', 'void fracturePattern(int n,int seed);', 'void fracturePattern(int n,int seed){ srand(seed);\n    for(int i=0;i<n;i++) cout<<rand()%10<<\" \";\n}'),
(41, 21, 'C', 'void layeredSteps(int n);', 'void layeredSteps(int n){\n    for(int i=1;i<=n;i++){\n        for(int j=1;j<=i;j++) printf(\"#\");\n        printf(\"\\n\");\n    }\n}'),
(42, 21, 'CPP', 'void layeredSteps(int n);', 'void layeredSteps(int n){\n    for(int i=1;i<=n;i++){\n        for(int j=1;j<=i;j++) cout<<\"#\";\n        cout<<endl;\n    }\n}'),
(43, 22, 'C', 'void pulseGrid(int n);', 'void pulseGrid(int n){\n    for(int i=0;i<n;i++){\n        for(int j=0;j<n;j++) printf(\"%d \",(i+j)%2);\n        printf(\"\\n\");\n    }\n}'),
(44, 22, 'CPP', 'void pulseGrid(int n);', 'void pulseGrid(int n){\n    for(int i=0;i<n;i++){\n        for(int j=0;j<n;j++) cout<<(i+j)%2<<\" \";\n        cout<<endl;\n    }\n}'),
(45, 23, 'C', 'void spiralText(char str[]);', 'void spiralText(char str[]){ printf(\"%s\",str); }'),
(46, 23, 'CPP', 'void spiralText(string s);', 'void spiralText(string s){ cout<<s; }'),
(47, 24, 'C', 'void recursiveMirror(int n);', 'void recursiveMirror(int n){ if(n==0) return; printf(\"*\"); recursiveMirror(n-1); printf(\"*\"); }'),
(48, 24, 'CPP', 'void recursiveMirror(int n);', 'void recursiveMirror(int n){ if(n==0) return; cout<<\"*\"; recursiveMirror(n-1); cout<<\"*\"; }'),
(49, 25, 'C', 'void confidenceFilter(int a[], int n, int t);', 'void confidenceFilter(int a[], int n, int t){ for(int i=0;i<n;i++) if(a[i]>=t) printf(\"%d \",a[i]); }'),
(50, 25, 'CPP', 'void confidenceFilter(vector<int>& a, int t);', 'void confidenceFilter(vector<int>& a, int t){ for(int x:a) if(x>=t) cout<<x<<\" \"; }'),
(51, 26, 'C', 'void trendIsolate(int a[], int n);', 'void trendIsolate(int a[], int n){ for(int i=0;i<n-1;i++) if(a[i]<a[i+1]) printf(\"%d \",a[i]); printf(\"%d\",a[n-1]); }'),
(52, 26, 'CPP', 'void trendIsolate(vector<int>& a);', 'void trendIsolate(vector<int>& a){ for(int i=0;i<a.size()-1;i++) if(a[i]<a[i+1]) cout<<a[i]<<\" \"; cout<<a.back(); }'),
(53, 27, 'C', 'void noiseSuppress(int a[], int n, int t);', 'void noiseSuppress(int a[], int n, int t){ for(int i=0;i<n;i++) if(abs(a[i])>t) printf(\"%d \",a[i]); }'),
(54, 27, 'CPP', 'void noiseSuppress(vector<int>& a, int t);', 'void noiseSuppress(vector<int>& a, int t){ for(int x:a) if(abs(x)>t) cout<<x<<\" \"; }'),
(55, 28, 'C', 'void contextClean(int a[], int n);', 'void contextClean(int a[], int n){ for(int i=0;i<n;i++) if(a[i]!=-1) printf(\"%d \",a[i]); }'),
(56, 28, 'CPP', 'void contextClean(vector<int>& a);', 'void contextClean(vector<int>& a){ for(int x:a) if(x!=-1) cout<<x<<\" \"; }'),
(57, 29, 'C', 'void priorityCull(int a[], int n, int p);', 'void priorityCull(int a[], int n, int p){ for(int i=0;i<n;i++) if(a[i]>=p) printf(\"%d \",a[i]); }'),
(58, 29, 'CPP', 'void priorityCull(vector<int>& a, int p);', 'void priorityCull(vector<int>& a, int p){ for(int x:a) if(x>=p) cout<<x<<\" \"; }'),
(59, 30, 'C', 'void signalExtract(int a[], int n);', 'void signalExtract(int a[], int n){ int m=a[0]; for(int i=1;i<n;i++) if(a[i]>m) m=a[i]; printf(\"%d\",m); }'),
(60, 30, 'CPP', 'void signalExtract(vector<int>& a);', 'void signalExtract(vector<int>& a){ cout<<*max_element(a.begin(),a.end()); }'),
(61, 31, 'C', 'void anomalyDrop(int a[], int n, int limit);', 'void anomalyDrop(int a[], int n, int limit){ for(int i=0;i<n;i++) if(abs(a[i])<=limit) printf(\"%d \",a[i]); }'),
(62, 31, 'CPP', 'void anomalyDrop(vector<int>& a, int limit);', 'void anomalyDrop(vector<int>& a, int limit){ for(int x:a) if(abs(x)<=limit) cout<<x<<\" \"; }'),
(63, 32, 'C', 'void semanticCompact(int a[], int n);', 'void semanticCompact(int a[], int n){ for(int i=0;i<n;i++) if(i==0||a[i]!=a[i-1]) printf(\"%d \",a[i]); }'),
(64, 32, 'CPP', 'void semanticCompact(vector<int>& a);', 'void semanticCompact(vector<int>& a){ a.erase(unique(a.begin(),a.end()),a.end()); for(int x:a) cout<<x<<\" \"; }'),
(65, 33, 'C', 'int policyEngine(int policy, int value);', 'int policyEngine(int policy, int value){ if(policy==1) return value>50; if(policy==2) return value<30; return 0; }'),
(66, 33, 'CPP', 'int policyEngine(int policy, int value);', 'int policyEngine(int policy, int value){ if(policy==1) return value>50; if(policy==2) return value<30; return 0; }'),
(67, 34, 'C', 'int multiVote(int a, int b, int c);', 'int multiVote(int a, int b, int c){ return (a+b+c)>=2; }'),
(68, 34, 'CPP', 'int multiVote(int a, int b, int c);', 'int multiVote(int a, int b, int c){ return (a+b+c)>=2; }'),
(69, 35, 'C', 'int fallbackLogic(int primary, int backup);', 'int fallbackLogic(int primary, int backup){ return primary?primary:backup; }'),
(70, 35, 'CPP', 'int fallbackLogic(int primary, int backup);', 'int fallbackLogic(int primary, int backup){ return primary?primary:backup; }'),
(71, 36, 'C', 'int riskGate(int risk, int threshold);', 'int riskGate(int risk, int threshold){ return risk<=threshold; }'),
(72, 36, 'CPP', 'int riskGate(int risk, int threshold);', 'int riskGate(int risk, int threshold){ return risk<=threshold; }'),
(73, 37, 'C', 'int strategyPick(int env);', 'int strategyPick(int env){ if(env==0) return 1; if(env==1) return 2; return 3; }'),
(74, 37, 'CPP', 'int strategyPick(int env);', 'int strategyPick(int env){ if(env==0) return 1; if(env==1) return 2; return 3; }'),
(75, 38, 'C', 'int conflictResolve(int a, int b);', 'int conflictResolve(int a, int b){ return a>b?a:b; }'),
(76, 38, 'CPP', 'int conflictResolve(int a, int b);', 'int conflictResolve(int a, int b){ return a>b?a:b; }'),
(77, 39, 'C', 'int stateEvaluate(int a, int b, int c);', 'int stateEvaluate(int a, int b, int c){ return (a+b+c)>=150; }'),
(78, 39, 'CPP', 'int stateEvaluate(int a, int b, int c);', 'int stateEvaluate(int a, int b, int c){ return (a+b+c)>=150; }'),
(79, 40, 'C', 'int outcomeSim(int x, int y);', 'int outcomeSim(int x, int y){ return (x>0 && y>0); }'),
(80, 40, 'CPP', 'int outcomeSim(int x, int y);', 'int outcomeSim(int x, int y){ return (x>0 && y>0); }'),
(81, 41, 'C', 'void pattern(int n);', 'void pattern(int n){ for(int i=1;i<=n;i++){ for(int j=1;j<=i;j++) printf(\"%d \",j); printf(\"\\n\"); }}'),
(82, 41, 'CPP', 'void pattern(int n);', 'void pattern(int n){ for(int i=1;i<=n;i++){ for(int j=1;j<=i;j++) cout<<j<<\" \"; cout<<endl; }}'),
(83, 42, 'C', 'void pattern(int n);', 'void pattern(int n){ for(int i=1;i<=n;i++){ for(int j=1;j<=i;j++) printf(\"%d \",i*i); printf(\"\\n\"); }}'),
(84, 42, 'CPP', 'void pattern(int n);', 'void pattern(int n){ for(int i=1;i<=n;i++){ for(int j=1;j<=i;j++) cout<<i*i<<\" \"; cout<<endl; }}'),
(85, 43, 'C', 'void pattern(int n);', 'void pattern(int n){ int x=1; for(int i=1;i<=n;i++){ for(int j=1;j<=i;j++) printf(\"%d \",x++); printf(\"\\n\"); }}'),
(86, 43, 'CPP', 'void pattern(int n);', 'void pattern(int n){ int x=1; for(int i=1;i<=n;i++){ for(int j=1;j<=i;j++) cout<<x++<<\" \"; cout<<endl; }}'),
(87, 44, 'C', 'void pattern(int n);', 'void pattern(int n){ for(int i=1;i<=n;i++){ for(int s=1;s<=n-i;s++) printf(\" \"); for(int j=1;j<=2*i-1;j++) printf(\"*\"); printf(\"\\n\"); }}'),
(88, 44, 'CPP', 'void pattern(int n);', 'void pattern(int n){ for(int i=1;i<=n;i++){ for(int s=1;s<=n-i;s++) cout<<\" \"; for(int j=1;j<=2*i-1;j++) cout<<\"*\"; cout<<endl; }}'),
(89, 45, 'C', 'void pattern(int n);', 'void pattern(int n){ for(int i=1;i<=n;i++){ for(int j=1;j<=i;j++) printf(\"%d \",(j-1)%2); printf(\"\\n\"); }}'),
(90, 45, 'CPP', 'void pattern(int n);', 'void pattern(int n){ for(int i=1;i<=n;i++){ for(int j=1;j<=i;j++) cout<<(j-1)%2<<\" \"; cout<<endl; }}'),
(91, 46, 'C', 'void pattern(int n);', 'void pattern(int n){ for(int i=1;i<=n;i++){ for(int j=1;j<=i;j++) printf(\"%d \",i); printf(\"\\n\"); }}'),
(92, 46, 'CPP', 'void pattern(int n);', 'void pattern(int n){ for(int i=1;i<=n;i++){ for(int j=1;j<=i;j++) cout<<i<<\" \"; cout<<endl; }}'),
(93, 47, 'C', 'void pattern(int n);', 'void pattern(int n){ int x=1; for(int i=1;i<=n;i++){ for(int j=1;j<=i;j++) printf(\"%d \",x++); printf(\"\\n\"); }}'),
(94, 47, 'CPP', 'void pattern(int n);', 'void pattern(int n){ int x=1; for(int i=1;i<=n;i++){ for(int j=1;j<=i;j++) cout<<x++<<\" \"; cout<<endl; }}'),
(95, 48, 'C', 'void pattern(int n);', 'void pattern(int n){ for(int i=1;i<=n;i++){ for(int s=1;s<=n-i;s++) printf(\" \"); for(int j=1;j<=2*i-1;j++) printf(\"*\"); printf(\"\\n\"); } for(int i=n-1;i>=1;i--){ for(int s=1;s<=n-i;s++) printf(\" \"); for(int j=1;j<=2*i-1;j++) printf(\"*\"); printf(\"\\n\"); }}'),
(96, 48, 'CPP', 'void pattern(int n);', 'void pattern(int n){ for(int i=1;i<=n;i++){ for(int s=1;s<=n-i;s++) cout<<\" \"; for(int j=1;j<=2*i-1;j++) cout<<\"*\"; cout<<endl; } for(int i=n-1;i>=1;i--){ for(int s=1;s<=n-i;s++) cout<<\" \"; for(int j=1;j<=2*i-1;j++) cout<<\"*\"; cout<<endl; }}'),
(97, 49, 'C', 'void pattern(int n);', 'void pattern(int n){ for(int i=n;i>=1;i--){ for(int j=1;j<=i;j++) printf(\"%d \",j); printf(\"\\n\"); }}'),
(98, 49, 'CPP', 'void pattern(int n);', 'void pattern(int n){ for(int i=n;i>=1;i--){ for(int j=1;j<=i;j++) cout<<j<<\" \"; cout<<endl; }}'),
(99, 50, 'C', 'void pattern(int n);', 'void pattern(int n){ for(int i=1;i<=n;i++){ for(int s=1;s<=n-i;s++) printf(\" \"); for(int j=1;j<=i;j++) printf(\"*\"); printf(\"\\n\"); }}'),
(100, 50, 'CPP', 'void pattern(int n);', 'void pattern(int n){ for(int i=1;i<=n;i++){ for(int s=1;s<=n-i;s++) cout<<\" \"; for(int j=1;j<=i;j++) cout<<\"*\"; cout<<endl; }}'),
(101, 52, 'C', 'void pascal(int n);', 'void pascal(int n){\r\n for(int i=0;i<n;i++){\r\n  int num=1;\r\n  for(int s=0;s<n-i-1;s++) printf(\" \");\r\n  for(int j=0;j<=i;j++){\r\n   printf(\"%d \",num);\r\n   num=num*(i-j)/(j+1);\r\n  }\r\n  printf(\"\\n\");\r\n }\r\n}'),
(102, 52, 'CPP', 'void pascal(int n);', 'void pascal(int n){\r\n for(int i=0;i<n;i++){\r\n  int num=1;\r\n  for(int s=0;s<n-i-1;s++) cout<<\" \";\r\n  for(int j=0;j<=i;j++){\r\n   cout<<num<<\" \";\r\n   num=num*(i-j)/(j+1);\r\n  }\r\n  cout<<endl;\r\n }\r\n}'),
(103, 53, 'C', 'void zigzag(int n);', 'void zigzag(int n){\r\n int val=1;\r\n for(int i=1;i<=n;i++){\r\n  int row[i];\r\n  for(int j=0;j<i;j++) row[j]=val++;\r\n  if(i%2==0)\r\n   for(int j=i-1;j>=0;j--) printf(\"%d \",row[j]);\r\n  else\r\n   for(int j=0;j<i;j++) printf(\"%d \",row[j]);\r\n  printf(\"\\n\");\r\n }\r\n}'),
(104, 53, 'CPP', 'void zigzag(int n);', 'void zigzag(int n){\r\n int val=1;\r\n for(int i=1;i<=n;i++){\r\n  vector<int> row;\r\n  for(int j=0;j<i;j++) row.push_back(val++);\r\n  if(i%2==0) reverse(row.begin(),row.end());\r\n  for(int x:row) cout<<x<<\" \";\r\n  cout<<endl;\r\n }\r\n}'),
(105, 54, 'C', 'void diamondNum(int n);', 'void diamondNum(int n){\r\n for(int i=1;i<=n;i++){\r\n  for(int s=1;s<=n-i;s++) printf(\" \");\r\n  for(int j=1;j<=i;j++) printf(\"%d \",j);\r\n  printf(\"\\n\");\r\n }\r\n for(int i=n-1;i>=1;i--){\r\n  for(int s=1;s<=n-i;s++) printf(\" \");\r\n  for(int j=1;j<=i;j++) printf(\"%d \",j);\r\n  printf(\"\\n\");\r\n }\r\n}'),
(106, 54, 'CPP', 'void diamondNum(int n);', 'void diamondNum(int n){\r\n for(int i=1;i<=n;i++){\r\n  for(int s=1;s<=n-i;s++) cout<<\" \";\r\n  for(int j=1;j<=i;j++) cout<<j<<\" \";\r\n  cout<<endl;\r\n }\r\n for(int i=n-1;i>=1;i--){\r\n  for(int s=1;s<=n-i;s++) cout<<\" \";\r\n  for(int j=1;j<=i;j++) cout<<j<<\" \";\r\n  cout<<endl;\r\n }\r\n}'),
(109, 55, 'C', 'void altXO(int n);', 'void altXO(int n){\r\n for(int i=1;i<=n;i++){\r\n  for(int j=1;j<=i;j++){\r\n   if(j%2) printf(\"X \");\r\n   else printf(\"O \");\r\n  }\r\n  printf(\"\\n\");\r\n }\r\n}'),
(110, 55, 'CPP', 'void altXO(int n);', 'void altXO(int n){\r\n for(int i=1;i<=n;i++){\r\n  for(int j=1;j<=i;j++){\r\n   if(j%2) cout<<\"X \";\r\n   else cout<<\"O \";\r\n  }\r\n  cout<<endl;\r\n }\r\n}'),
(111, 56, 'C', 'void borderSquare(int n);', 'void borderSquare(int n){\r\n for(int i=1;i<=n;i++){\r\n  for(int j=1;j<=n;j++){\r\n   if(i==1||i==n||j==1||j==n) printf(\"*\");\r\n   else printf(\" \");\r\n  }\r\n  printf(\"\\n\");\r\n }\r\n}'),
(112, 56, 'CPP', 'void borderSquare(int n);', 'void borderSquare(int n){\r\n for(int i=1;i<=n;i++){\r\n  for(int j=1;j<=n;j++){\r\n   if(i==1||i==n||j==1||j==n) cout<<\"*\";\r\n   else cout<<\" \";\r\n  }\r\n  cout<<endl;\r\n }\r\n}'),
(113, 57, 'C', 'void cumulativeTriangle(int n);', 'void cumulativeTriangle(int n){\r\n int sum=0;\r\n for(int i=1;i<=n;i++){\r\n  sum+=i;\r\n  printf(\"%d\\n\",sum);\r\n }\r\n}'),
(114, 57, 'CPP', 'void cumulativeTriangle(int n);', 'void cumulativeTriangle(int n){\r\n int sum=0;\r\n for(int i=1;i<=n;i++){\r\n  sum+=i;\r\n  cout<<sum<<endl;\r\n }\r\n}'),
(115, 58, 'C', 'void numberDiamond(int n);', 'void numberDiamond(int n){\r\n for(int i=1;i<=n;i++){\r\n  for(int s=1;s<=n-i;s++) printf(\" \");\r\n  for(int j=1;j<=i;j++) printf(\"%d \",j);\r\n  printf(\"\\n\");\r\n }\r\n for(int i=n-1;i>=1;i--){\r\n  for(int s=1;s<=n-i;s++) printf(\" \");\r\n  for(int j=1;j<=i;j++) printf(\"%d \",j);\r\n  printf(\"\\n\");\r\n }\r\n}'),
(116, 58, 'CPP', 'void numberDiamond(int n);', 'void numberDiamond(int n){\r\n for(int i=1;i<=n;i++){\r\n  for(int s=1;s<=n-i;s++) cout<<\" \";\r\n  for(int j=1;j<=i;j++) cout<<j<<\" \";\r\n  cout<<endl;\r\n }\r\n for(int i=n-1;i>=1;i--){\r\n  for(int s=1;s<=n-i;s++) cout<<\" \";\r\n  for(int j=1;j<=i;j++) cout<<j<<\" \";\r\n  cout<<endl;\r\n }\r\n}'),
(117, 59, 'C', 'void invertedPyramid(int n);', 'void invertedPyramid(int n){\r\n for(int i=n;i>=1;i--){\r\n  for(int s=0;s<n-i;s++) printf(\" \");\r\n  for(int j=1;j<=2*i-1;j++) printf(\"*\");\r\n  printf(\"\\n\");\r\n }\r\n}'),
(118, 59, 'CPP', 'void invertedPyramid(int n);', 'void invertedPyramid(int n){\r\n for(int i=n;i>=1;i--){\r\n  for(int s=0;s<n-i;s++) cout<<\" \";\r\n  for(int j=1;j<=2*i-1;j++) cout<<\"*\";\r\n  cout<<endl;\r\n }\r\n}'),
(119, 60, 'C', 'void multTriangle(int n);', 'void multTriangle(int n){\r\n for(int i=1;i<=n;i++){\r\n  for(int j=1;j<=i;j++)\r\n   printf(\"%d \",i*j);\r\n  printf(\"\\n\");\r\n }\r\n}'),
(120, 60, 'CPP', 'void multTriangle(int n);', 'void multTriangle(int n){\r\n for(int i=1;i<=n;i++){\r\n  for(int j=1;j<=i;j++)\r\n   cout<<i*j<<\" \";\r\n  cout<<endl;\r\n }\r\n}'),
(121, 61, 'C', 'void trafficSignal(int signal);', 'void trafficSignal(int signal){\r\n if(signal==1) printf(\"Stop\");\r\n else if(signal==2) printf(\"Ready\");\r\n else if(signal==3) printf(\"Go\");\r\n else printf(\"Invalid input\");\r\n}'),
(122, 61, 'CPP', 'void trafficSignal(int signal);', 'void trafficSignal(int signal){\r\n if(signal==1) cout<<\"Stop\";\r\n else if(signal==2) cout<<\"Ready\";\r\n else if(signal==3) cout<<\"Go\";\r\n else cout<<\"Invalid input\";\r\n}'),
(123, 62, 'C', 'void discountCheck(int age, char membership[]);', 'void discountCheck(int age, char membership[]){\r\n if(age>60 || (age>=18 && age<=25 && strcmp(membership,\"premium\")==0))\r\n  printf(\"Eligible for discount\");\r\n else\r\n  printf(\"Not eligible for discount\");\r\n}'),
(124, 62, 'CPP', 'void discountCheck(int age, string membership);', 'void discountCheck(int age, string membership){\r\n if(age>60 || (age>=18 && age<=25 && membership==\"premium\"))\r\n  cout<<\"Eligible for discount\";\r\n else\r\n  cout<<\"Not eligible for discount\";\r\n}'),
(125, 63, 'C', 'void tempStatus(int t);', 'void tempStatus(int t){\r\n if(t<0) printf(\"Danger: Freezing\");\r\n else if(t<=35) printf(\"Normal\");\r\n else if(t<=50) printf(\"Warning: Hot\");\r\n else printf(\"Danger: Extreme Heat\");\r\n}'),
(126, 63, 'CPP', 'void tempStatus(int t);', 'void tempStatus(int t){\r\n if(t<0) cout<<\"Danger: Freezing\";\r\n else if(t<=35) cout<<\"Normal\";\r\n else if(t<=50) cout<<\"Warning: Hot\";\r\n else cout<<\"Danger: Extreme Heat\";\r\n}'),
(127, 64, 'C', 'void penaltyCalc(int days);', 'void penaltyCalc(int days){\r\n int amt=0;\r\n if(days<=5) amt=days*2;\r\n else if(days<=10) amt=days*5;\r\n else amt=days*10;\r\n printf(\"Penalty amount: $%d\",amt);\r\n}'),
(128, 64, 'CPP', 'void penaltyCalc(int days);', 'void penaltyCalc(int days){\r\n int amt=0;\r\n if(days<=5) amt=days*2;\r\n else if(days<=10) amt=days*5;\r\n else amt=days*10;\r\n cout<<\"Penalty amount: $\"<<amt;\r\n}'),
(129, 65, 'C', 'void bankCheck(int bal, int w);', 'void bankCheck(int bal, int w){\r\n if(w<=bal && bal-w>=100) printf(\"Transaction approved\");\r\n else printf(\"Transaction denied\");\r\n}'),
(130, 65, 'CPP', 'void bankCheck(int bal, int w);', 'void bankCheck(int bal, int w){\r\n if(w<=bal && bal-w>=100) cout<<\"Transaction approved\";\r\n else cout<<\"Transaction denied\";\r\n}'),
(131, 66, 'C', 'void passFail(int a,int b,int c);', 'void passFail(int a,int b,int c){\r\n float avg=(a+b+c)/3.0;\r\n if(a>=35 && b>=35 && c>=35 && avg>=50) printf(\"Pass\");\r\n else printf(\"Fail\");\r\n}'),
(132, 66, 'CPP', 'void passFail(int a,int b,int c);', 'void passFail(int a,int b,int c){\r\n float avg=(a+b+c)/3.0;\r\n if(a>=35 && b>=35 && c>=35 && avg>=50) cout<<\"Pass\";\r\n else cout<<\"Fail\";\r\n}'),
(133, 67, 'C', 'void deliveryCharge(int d,int w);', 'void deliveryCharge(int d,int w){\r\n int cost;\r\n if(d<=5) cost=5;\r\n else if(d<=20) cost=10;\r\n else cost=20;\r\n if(w>10) cost+=5;\r\n printf(\"Delivery charge: $%d\",cost);\r\n}'),
(134, 67, 'CPP', 'void deliveryCharge(int d,int w);', 'void deliveryCharge(int d,int w){\r\n int cost;\r\n if(d<=5) cost=5;\r\n else if(d<=20) cost=10;\r\n else cost=20;\r\n if(w>10) cost+=5;\r\n cout<<\"Delivery charge: $\"<<cost;\r\n}'),
(135, 68, 'C', 'void elevator(int c,int t);', 'void elevator(int c,int t){\r\n if(t>c) printf(\"Move Up\");\r\n else if(t<c) printf(\"Move Down\");\r\n else printf(\"Already on the floor\");\r\n}'),
(136, 68, 'CPP', 'void elevator(int c,int t);', 'void elevator(int c,int t){\r\n if(t>c) cout<<\"Move Up\";\r\n else if(t<c) cout<<\"Move Down\";\r\n else cout<<\"Already on the floor\";\r\n}'),
(137, 69, 'C', 'void fuelAlert(int f);', 'void fuelAlert(int f){\r\n if(f<10) printf(\"Refuel immediately\");\r\n else if(f<=30) printf(\"Fuel Low\");\r\n else printf(\"Fuel Sufficient\");\r\n}'),
(138, 69, 'CPP', 'void fuelAlert(int f);', 'void fuelAlert(int f){\r\n if(f<10) cout<<\"Refuel immediately\";\r\n else if(f<=30) cout<<\"Fuel Low\";\r\n else cout<<\"Fuel Sufficient\";\r\n}'),
(139, 70, 'C', 'void vaccine(int age);', 'void vaccine(int age){\r\n if(age<18) printf(\"Not eligible\");\r\n else if(age<=60) printf(\"Eligible\");\r\n else printf(\"Priority Eligible\");\r\n}'),
(140, 70, 'CPP', 'void vaccine(int age);', 'void vaccine(int age){\r\n if(age<18) cout<<\"Not eligible\";\r\n else if(age<=60) cout<<\"Eligible\";\r\n else cout<<\"Priority Eligible\";\r\n}'),
(141, 71, 'C', 'int movieTicket(int age, char time[]);', 'int movieTicket(int age, char time[]) {\n    return 0;\n}'),
(142, 71, 'CPP', 'int movieTicket(int age, string time);', 'int movieTicket(int age, string time) {\n    return 0;\n}'),
(143, 72, 'C', 'void examResult(int marks);', 'void examResult(int marks) {\n}'),
(144, 72, 'CPP', 'void examResult(int marks);', 'void examResult(int marks) {\n}'),
(145, 73, 'C', 'int parkingFee(float hours);', 'int parkingFee(float hours) {\n    return 0;\n}'),
(146, 73, 'CPP', 'int parkingFee(float hours);', 'int parkingFee(float hours) {\n    return 0;\n}'),
(147, 74, 'C', 'void weatherAlert(int speed);', 'void weatherAlert(int speed) {\n}'),
(148, 74, 'CPP', 'void weatherAlert(int speed);', 'void weatherAlert(int speed) {\n}'),
(149, 75, 'C', 'void shoppingDiscount(int amount, char member[]);', 'void shoppingDiscount(int amount, char member[]) {\n}'),
(150, 75, 'CPP', 'void shoppingDiscount(int amount, string member);', 'void shoppingDiscount(int amount, string member) {\n}'),
(151, 76, 'C', 'int rentalCharge(int days, char car[]);', 'int rentalCharge(int days, char car[]) {\n    return 0;\n}'),
(152, 76, 'CPP', 'int rentalCharge(int days, string car);', 'int rentalCharge(int days, string car) {\n    return 0;\n}'),
(153, 77, 'C', 'void emergencyPriority(char condition[]);', 'void emergencyPriority(char condition[]) {\n}'),
(154, 77, 'CPP', 'void emergencyPriority(string condition);', 'void emergencyPriority(string condition) {\n}'),
(155, 78, 'C', 'void coffeeRecommendation(char time[]);', 'void coffeeRecommendation(char time[]) {\n}'),
(156, 78, 'CPP', 'void coffeeRecommendation(string time);', 'void coffeeRecommendation(string time) {\n}'),
(157, 79, 'C', 'int gymFee(int age, char type[]);', 'int gymFee(int age, char type[]) {\n    return 0;\n}'),
(158, 79, 'CPP', 'int gymFee(int age, string type);', 'int gymFee(int age, string type) {\n    return 0;\n}'),
(159, 80, 'C', 'void temperatureControl(int temp);', 'void temperatureControl(int temp) {\n}'),
(160, 80, 'CPP', 'void temperatureControl(int temp);', 'void temperatureControl(int temp) {\n}'),
(161, 81, 'C', 'void mallocExample();', 'void mallocExample() {\r\n    int *p = (int*)malloc(sizeof(int));\r\n    scanf(\"%d\", p);\r\n    printf(\"Value stored in dynamically allocated memory: %d\n\", *p);\r\n    free(p);\r\n    printf(\"Memory freed successfully\");\r\n}'),
(162, 82, 'C', 'void callocArray(int n);', 'void callocArray(int n) {\r\n    int *a = (int*)calloc(n, sizeof(int));\r\n    for(int i=0;i<n;i++) scanf(\"%d\",&a[i]);\r\n    printf(\"Array elements are:\n\");\r\n    for(int i=0;i<n;i++) printf(\"%d \",a[i]);\r\n    free(a);\r\n}'),
(163, 83, 'C', 'void reallocExample();', 'void reallocExample() {\r\n    int n,m;\r\n    scanf(\"%d\",&n);\r\n    int *a = (int*)malloc(n*sizeof(int));\r\n    for(int i=0;i<n;i++) scanf(\"%d\",&a[i]);\r\n    scanf(\"%d\",&m);\r\n    a = (int*)realloc(a, m*sizeof(int));\r\n    for(int i=n;i<m;i++) scanf(\"%d\",&a[i]);\r\n    for(int i=0;i<m;i++) printf(\"%d \",a[i]);\r\n    free(a);\r\n}'),
(164, 84, 'C', 'void voidPointerDemo();', 'void voidPointerDemo() {\r\n    int i; float f; char c;\r\n    void *vp;\r\n    scanf(\"%d\",&i);\r\n    vp=&i; printf(\"Integer value: %d\n\",*(int*)vp);\r\n    scanf(\"%f\",&f);\r\n    vp=&f; printf(\"Float value: %.2f\n\",*(float*)vp);\r\n    scanf(\" %c\",&c);\r\n    vp=&c; printf(\"Character value: %c\",*(char*)vp);\r\n}'),
(165, 85, 'C', 'void manualStrCopy(char s[]);', 'void manualStrCopy(char s[]) {\r\n    char d[100];\r\n    char *p=s,*q=d;\r\n    while(*p){ *q++=*p++; }\r\n    *q=\'\\0\';\r\n    printf(\"Copied string: %s\",d);\r\n}'),
(166, 86, 'C', 'void ptrToPtr(int *p);', 'void ptrToPtr(int *p) {\r\n    int **pp=&p;\r\n    **pp = **pp * 2;\r\n    printf(\"Updated value using pointer to pointer: %d\",**pp);\r\n}'),
(167, 87, 'C', 'void memoryLeakDemo();', 'void memoryLeakDemo() {\r\n    int *p=(int*)malloc(sizeof(int));\r\n    scanf(\"%d\",p);\r\n    printf(\"Memory allocated and used\n\");\r\n    printf(\"Memory not freed\nThis causes memory leakage\");\r\n}'),
(168, 88, 'C', 'void stackDemo();', 'void stackDemo() {\r\n    int *s=(int*)malloc(10*sizeof(int)),top=-1,x;\r\n    scanf(\"%d\",&x); s[++top]=x; printf(\"Element pushed: %d\n\",x);\r\n    scanf(\"%d\",&x); s[++top]=x; printf(\"Element pushed: %d\n\",x);\r\n    printf(\"Element popped: %d\",s[top--]);\r\n    free(s);\r\n}'),
(169, 89, 'C', 'void structAlloc();', 'struct S{int id; float score;};\r\nvoid structAlloc() {\r\n    struct S *p=(struct S*)malloc(sizeof(struct S));\r\n    scanf(\"%d\",&p->id);\r\n    scanf(\"%f\",&p->score);\r\n    printf(\"ID: %d\nScore: %.1f\nMemory released\",p->id,p->score);\r\n    free(p);\r\n}'),
(170, 90, 'C', 'void dynamic2D();', 'void dynamic2D() {\r\n    int r,c;\r\n    scanf(\"%d%d\",&r,&c);\r\n    int **a=(int**)malloc(r*sizeof(int*));\r\n    for(int i=0;i<r;i++) a[i]=(int*)malloc(c*sizeof(int));\r\n    for(int i=0;i<r;i++) for(int j=0;j<c;j++) scanf(\"%d\",&a[i][j]);\r\n    printf(\"Matrix:\n\");\r\n    for(int i=0;i<r;i++){\r\n        for(int j=0;j<c;j++) printf(\"%d \",a[i][j]);\r\n        printf(\"\n\");\r\n    }\r\n}'),
(171, 91, 'C', 'void pointerArithmetic();', 'void pointerArithmetic() {\r\n    int n; scanf(\"%d\",&n);\r\n    int a[100]; for(int i=0;i<n;i++) scanf(\"%d\",&a[i]);\r\n    int *p=a;\r\n    for(int i=0;i<n;i++) printf(\"%d \",*(p+i));\r\n}'),
(172, 92, 'C', 'void allocationCheck();', 'void allocationCheck() {\r\n    int *p=(int*)malloc(sizeof(int));\r\n    if(p) printf(\"Memory allocated successfully\");\r\n    else printf(\"Memory allocation failed\");\r\n}'),
(173, 93, 'C', 'void dynamicString();', 'void dynamicString() {\r\n    char *s=(char*)malloc(100);\r\n    scanf(\"%s\",s);\r\n    printf(\"Stored string: %s\",s);\r\n    free(s);\r\n}'),
(174, 94, 'C', 'void swapDynamic();', 'void swapDynamic() {\r\n    int *a=(int*)malloc(sizeof(int));\r\n    int *b=(int*)malloc(sizeof(int));\r\n    scanf(\"%d%d\",a,b);\r\n    int t=*a; *a=*b; *b=t;\r\n    printf(\"After swapping:\nA: %d\nB: %d\",*a,*b);\r\n    free(a); free(b);\r\n}'),
(175, 95, 'C', 'void cleanupDemo();', 'void cleanupDemo() {\r\n    int *p=(int*)malloc(sizeof(int));\r\n    scanf(\"%d\",p);\r\n    printf(\"Value stored: %d\n\",*p);\r\n    free(p);\r\n    printf(\"Memory freed successfully\nProgram terminated safely\");\r\n}'),
(176, 96, 'C', 'const char* checkEvenOdd(int n);', '{\r\n    return (n & 1) ? \"Odd\" : \"Even\";\r\n}'),
(177, 97, 'C', 'void bitOperations(int num, int pos, int *set, int *clear, int *toggle);', '{\r\n    *set = num | (1 << pos);\r\n    *clear = num & ~(1 << pos);\r\n    *toggle = num ^ (1 << pos);\r\n}'),
(178, 98, 'C', 'int countSetBits(int n);', '{\r\n    int count = 0;\r\n    while (n) {\r\n        count += (n & 1);\r\n        n >>= 1;\r\n    }\r\n    return count;\r\n}'),
(179, 99, 'C', 'int packDate(int day, int month, int year);', '{\r\n    return (day << 16) | (month << 8) | year;\r\n}'),
(180, 100, 'C', 'void getStructureSizes(int *sizeA, int *sizeB);', '{\r\n    struct A { char c; int i; };\r\n    struct B { int i; char c; };\r\n    *sizeA = sizeof(struct A);\r\n    *sizeB = sizeof(struct B);\r\n}'),
(181, 101, 'C', 'void unionDemo(int i, float f, char c, int *out);', '{\r\n    union U { int i; float f; char c; } u;\r\n    u.i = i;\r\n    u.f = f;\r\n    u.c = c;\r\n    *out = sizeof(u);\r\n}'),
(182, 102, 'C', 'void getStudentData(int *id, int *marks, int *outId, int *outMarks);', '{\r\n    struct Student { int id; int marks; } s;\r\n    s.id = *id;\r\n    s.marks = *marks;\r\n    *outId = s.id;\r\n    *outMarks = s.marks;\r\n}'),
(183, 103, 'C', 'int encodeDeviceStatus(int power, int error, int mode);', '{\r\n    struct Device {\r\n        unsigned power:1;\r\n        unsigned error:1;\r\n        unsigned mode:2;\r\n    } d;\r\n    d.power = power;\r\n    d.error = error;\r\n    d.mode = mode;\r\n    return (d.power << 3) | (d.error << 2) | d.mode;\r\n}'),
(184, 104, 'C', 'void xorSwap(int *a, int *b);', '{\r\n    *a = *a ^ *b;\r\n    *b = *a ^ *b;\r\n    *a = *a ^ *b;\r\n}'),
(185, 105, 'C', 'int isPowerOfTwo(int n);', '{\r\n    return (n > 0 && (n & (n - 1)) == 0);\r\n}'),
(186, 106, 'C', 'void copyStructure(int id, int score, int *outId, int *outScore);', '{\r\n    struct Data { int id; int score; } a, b;\r\n    a.id = id;\r\n    a.score = score;\r\n    b = a;\r\n    *outId = b.id;\r\n    *outScore = b.score;\r\n}'),
(187, 107, 'C', 'int isLittleEndian(void);', '{\r\n    int x = 1;\r\n    return *((char*)&x);\r\n}'),
(188, 108, 'C', 'int extractBits(int num, int mask);', '{\r\n    return num & mask;\r\n}'),
(189, 109, 'C', 'void getEmployeeData(int empId, int deptId, int *outEmp, int *outDept);', '{\r\n    struct Dept { int deptId; };\r\n    struct Emp { int empId; struct Dept d; } e;\r\n    e.empId = empId;\r\n    e.d.deptId = deptId;\r\n    *outEmp = e.empId;\r\n    *outDept = e.d.deptId;\r\n}'),
(190, 110, 'C', 'int toggleAllBits(int n);', '{\r\n    return ~n;\r\n}'),
(206, 111, 'CPP', 'class Student { void setData(int, string); void display(); };', '#include <iostream>\nusing namespace std;\nclass Student {\nprivate:\n    int id;\n    string name;\npublic:\n    void setData(int i, string n) {\n        id = i;\n        name = n;\n    }\n    void display() {\n        cout << \"ID: \" << id << endl;\n        cout << \"Name: \" << name;\n    }\n};'),
(207, 112, 'CPP', 'class Result { Result(int, int); };', '#include <iostream>\nusing namespace std;\nclass Result {\n    int roll, marks;\npublic:\n    Result(int r, int m) {\n        roll = r;\n        marks = m;\n        cout << \"Object created\" << endl;\n        cout << \"Roll Number: \" << roll << endl;\n        cout << \"Marks: \" << marks;\n    }\n};'),
(208, 113, 'CPP', 'class Demo { Demo(); ~Demo(); };', '#include <iostream>\nusing namespace std;\nclass Demo {\npublic:\n    Demo() {\n        cout << \"Constructor called\" << endl;\n    }\n    ~Demo() {\n        cout << \"Destructor called\" << endl;\n    }\n};\nint main() {\n    cout << \"Inside object scope\" << endl;\n    Demo d;\n    return 0;\n}'),
(209, 114, 'CPP', 'class Student { void set(int,int); void show(); };', '#include <iostream>\nusing namespace std;\nclass Student {\n    int id, score;\npublic:\n    void set(int i, int s) {\n        id = i;\n        score = s;\n    }\n    void show() {\n        cout << \"ID: \" << id << \" Score: \" << score << endl;\n    }\n};'),
(210, 115, 'CPP', 'class Account { void setData(int,int); void display(); };', '#include <iostream>\nusing namespace std;\nclass Account {\nprivate:\n    int accNo, balance;\npublic:\n    void setData(int a, int b) {\n        accNo = a;\n        balance = b;\n    }\n    void display() {\n        cout << \"Account Number: \" << accNo << endl;\n        cout << \"Balance: \" << balance << endl;\n        cout << \"Direct access restricted\";\n    }\n};'),
(211, 116, 'CPP', 'class Counter { static int count; Counter(); };', '#include <iostream>\nusing namespace std;\nclass Counter {\npublic:\n    static int count;\n    Counter() {\n        count++;\n    }\n};\nint Counter::count = 0;\nint main() {\n    Counter a, b, c;\n    cout << \"Number of objects created: \" << Counter::count;\n    return 0;\n}'),
(212, 117, 'CPP', 'class Person { string name; int age; };', '#include <iostream>\nusing namespace std;\nclass Person {\npublic:\n    string name;\n    int age;\n};\nvoid display(Person p) {\n    cout << \"Inside function:\" << endl;\n    cout << \"Name: \" << p.name << endl;\n    cout << \"Age: \" << p.age;\n}'),
(213, 118, 'CPP', 'class Product { int id; int price; };', '#include <iostream>\nusing namespace std;\nclass Product {\npublic:\n    int id, price;\n};\nProduct create() {\n    Product p;\n    p.id = 501;\n    p.price = 1200;\n    return p;\n}'),
(214, 119, 'CPP', 'class Rectangle { int area(); };', '#include <iostream>\nusing namespace std;\nclass Rectangle {\npublic:\n    inline int area(int l, int b) {\n        return l * b;\n    }\n};'),
(215, 120, 'CPP', 'class Demo { Demo(); };', '#include <iostream>\nusing namespace std;\nclass Demo {\n    int value;\npublic:\n    Demo() {\n        value = 0;\n        cout << \"Default values initialized\" << endl;\n        cout << \"Value: \" << value;\n    }\n};'),
(216, 121, 'CPP', 'class Sample { const int x; };', '#include <iostream>\nusing namespace std;\nclass Sample {\n    const int x;\npublic:\n    Sample(): x(100) {\n        cout << \"Constant value: \" << x;\n    }\n};'),
(217, 122, 'CPP', 'class Demo { void show() const; };', '#include <iostream>\nusing namespace std;\nclass Demo {\n    int value;\npublic:\n    Demo(int v) : value(v) {}\n    void show() const {\n        cout << \"Displaying data using constant function\";\n    }\n};'),
(218, 123, 'CPP', 'class Data { void set(int); int get(); };', '#include <iostream>\nusing namespace std;\nclass Data {\n    int value;\npublic:\n    void set(int v) { value = v; }\n    int get() { return value; }\n};'),
(219, 124, 'CPP', 'class Demo { void set(int); };', '#include <iostream>\nusing namespace std;\nclass Demo {\n    int value;\npublic:\n    void set(int value) {\n        this->value = value;\n        cout << \"Stored value using this pointer: \" << this->value;\n    }\n};'),
(220, 125, 'CPP', 'class Life { Life(); ~Life(); };', '#include <iostream>\nusing namespace std;\nclass Life {\npublic:\n    Life() {\n        cout << \"Object created\" << endl;\n    }\n    ~Life() {\n        cout << \"Object destroyed\";\n    }\n};'),
(221, 126, 'CPP', 'int main()', '#include <iostream>\r\nusing namespace std;\r\nclass Base {\r\nprotected:\r\n    int id;\r\npublic:\r\n    void setId(int i) { id = i; }\r\n    void showId() {\r\n        cout << \"Base class data accessed\n\";\r\n        cout << \"ID: \" << id << endl;\r\n    }\r\n};\r\nclass Derived : public Base {\r\n    int score;\r\npublic:\r\n    void setScore(int s) { score = s; }\r\n    void showScore() {\r\n        cout << \"Derived class data accessed\n\";\r\n        cout << \"Score: \" << score << endl;\r\n    }\r\n};\r\nint main() {\r\n    int id, score;\r\n    cin >> id >> score;\r\n    Derived d;\r\n    d.setId(id);\r\n    d.setScore(score);\r\n    d.showId();\r\n    d.showScore();\r\n    return 0;\r\n}'),
(222, 127, 'CPP', 'int main()', '#include <iostream>\r\nusing namespace std;\r\nclass Base {\r\npublic:\r\n    Base() { cout << \"Base class constructor called\n\"; }\r\n};\r\nclass Derived : public Base {\r\npublic:\r\n    Derived() { cout << \"Derived class constructor called\n\"; }\r\n};\r\nint main() {\r\n    Derived d;\r\n    return 0;\r\n}'),
(223, 128, 'CPP', 'int main()', '#include <iostream>\r\nusing namespace std;\r\nclass Base {\r\npublic:\r\n    virtual void display() {\r\n        cout << \"Base class display function called\n\";\r\n    }\r\n};\r\nclass Derived : public Base {\r\npublic:\r\n    void display() override {\r\n        cout << \"Derived class display function called\n\";\r\n    }\r\n};\r\nint main() {\r\n    Derived d;\r\n    d.display();\r\n    return 0;\r\n}'),
(224, 129, 'CPP', 'int main()', '#include <iostream>\r\nusing namespace std;\r\nclass Base {\r\npublic:\r\n    virtual void show() {\r\n        cout << \"Base class function executed\n\";\r\n    }\r\n};\r\nclass Derived : public Base {\r\npublic:\r\n    void show() override {\r\n        cout << \"Derived class function executed\n\";\r\n    }\r\n};\r\nint main() {\r\n    Base* b = new Derived();\r\n    b->show();\r\n    delete b;\r\n    return 0;\r\n}'),
(225, 130, 'CPP', 'int main()', '#include <iostream>\r\nusing namespace std;\r\nclass Base {\r\npublic:\r\n    virtual void action() {\r\n        cout << \"Base class virtual function\n\";\r\n    }\r\n};\r\nclass Derived : public Base {\r\npublic:\r\n    void action() override {\r\n        cout << \"Derived class virtual function executed\n\";\r\n    }\r\n};\r\nint main() {\r\n    Base* b = new Derived();\r\n    b->action();\r\n    delete b;\r\n    return 0;\r\n}'),
(226, 131, 'CPP', 'int main()', '#include <iostream>\r\nusing namespace std;\r\nclass Base {\r\npublic:\r\n    virtual void show() = 0;\r\n};\r\nclass Derived : public Base {\r\npublic:\r\n    void show() override {\r\n        cout << \"Pure virtual function implemented in derived class\n\";\r\n    }\r\n};\r\nint main() {\r\n    Base* b = new Derived();\r\n    b->show();\r\n    delete b;\r\n    return 0;\r\n}'),
(227, 132, 'CPP', 'int main()', '#include <iostream>\r\n#include <string>\r\nusing namespace std;\r\nclass Vehicle {\r\nprotected:\r\n    string type;\r\n    int speed;\r\npublic:\r\n    Vehicle(string t, int s) : type(t), speed(s) {}\r\n    virtual void display() {\r\n        cout << \"Vehicle type: \" << type << endl;\r\n        cout << \"Maximum speed: \" << speed << \" km/h\n\";\r\n    }\r\n};\r\nint main() {\r\n    string t;\r\n    int s;\r\n    cin >> t >> s;\r\n    Vehicle v(t, s);\r\n    v.display();\r\n    return 0;\r\n}'),
(228, 133, 'CPP', 'int main()', '#include <iostream>\r\nusing namespace std;\r\nclass Base {\r\npublic:\r\n    virtual ~Base() {\r\n        cout << \"Base class destructor called\n\";\r\n    }\r\n};\r\nclass Derived : public Base {\r\npublic:\r\n    ~Derived() {\r\n        cout << \"Derived class destructor called\n\";\r\n    }\r\n};\r\nint main() {\r\n    Base* b = new Derived();\r\n    delete b;\r\n    return 0;\r\n}'),
(229, 134, 'CPP', 'int main()', '#include <iostream>\r\nusing namespace std;\r\nclass Base {\r\npublic:\r\n    void baseFunc() {\r\n        cout << \"Base class accessed\n\";\r\n    }\r\n};\r\nclass Intermediate : public Base {\r\npublic:\r\n    void interFunc() {\r\n        cout << \"Intermediate class accessed\n\";\r\n    }\r\n};\r\nclass Derived : public Intermediate {\r\npublic:\r\n    void derivedFunc() {\r\n        cout << \"Derived class accessed\n\";\r\n    }\r\n};\r\nint main() {\r\n    Derived d;\r\n    d.baseFunc();\r\n    d.interFunc();\r\n    d.derivedFunc();\r\n    return 0;\r\n}'),
(230, 135, 'CPP', 'int main()', '#include <iostream>\r\nusing namespace std;\r\nclass Base {\r\npublic:\r\n    void show() {\r\n        cout << \"Base class function called\n\";\r\n    }\r\n};\r\nclass A : public Base {\r\npublic:\r\n    void showA() {\r\n        cout << \"Derived class A function called\n\";\r\n    }\r\n};\r\nclass B : public Base {\r\npublic:\r\n    void showB() {\r\n        cout << \"Derived class B function called\n\";\r\n    }\r\n};\r\nint main() {\r\n    A a;\r\n    B b;\r\n    a.show();\r\n    a.showA();\r\n    b.showB();\r\n    return 0;\r\n}'),
(231, 136, 'CPP', 'int main()', '#include <iostream>\r\nusing namespace std;\r\nclass Base {\r\npublic:\r\n    virtual ~Base() {}\r\n};\r\nclass Derived : public Base {};\r\nint main() {\r\n    Derived d;\r\n    Base* b = &d;\r\n    cout << \"Upcasting successful\n\";\r\n    Derived* d2 = dynamic_cast<Derived*>(b);\r\n    if (d2)\r\n        cout << \"Downcasting successful\n\";\r\n    return 0;\r\n}'),
(232, 137, 'CPP', 'int main()', '#include <iostream>\r\nusing namespace std;\r\nclass Base {\r\npublic:\r\n    virtual void show() final {\r\n        cout << \"Function overriding not allowed\n\";\r\n    }\r\n};\r\nclass Derived : public Base {};\r\nint main() {\r\n    Derived d;\r\n    d.show();\r\n    return 0;\r\n}'),
(233, 138, 'CPP', 'int main()', '#include <iostream>\r\nusing namespace std;\r\nclass Base {\r\npublic:\r\n    Base() {\r\n        show();\r\n    }\r\n    virtual void show() {\r\n        cout << \"Base class function called\n\";\r\n    }\r\n};\r\nclass Derived : public Base {\r\npublic:\r\n    void show() override {\r\n        cout << \"Derived class function called\n\";\r\n    }\r\n};\r\nint main() {\r\n    Derived d;\r\n    return 0;\r\n}'),
(234, 139, 'CPP', 'int main()', '#include <iostream>\r\n#include <string>\r\nusing namespace std;\r\nclass Shape {\r\npublic:\r\n    virtual void area() = 0;\r\n};\r\nclass Circle : public Shape {\r\npublic:\r\n    void area() override {\r\n        cout << \"Calculating area of circle\n\";\r\n    }\r\n};\r\nclass Rectangle : public Shape {\r\npublic:\r\n    void area() override {\r\n        cout << \"Calculating area of rectangle\n\";\r\n    }\r\n};\r\nint main() {\r\n    string choice;\r\n    cin >> choice;\r\n    Shape* s;\r\n    if (choice == \"Circle\")\r\n        s = new Circle();\r\n    else\r\n        s = new Rectangle();\r\n    s->area();\r\n    delete s;\r\n    return 0;\r\n}'),
(235, 140, 'CPP', 'int main()', '#include <iostream>\r\nusing namespace std;\r\nclass Base {\r\npublic:\r\n    virtual void show() {\r\n        cout << \"Base class method\n\";\r\n    }\r\n};\r\nclass Derived : public Base {\r\npublic:\r\n    void show() override {\r\n        cout << \"Derived class method executed\n\";\r\n    }\r\n};\r\nvoid display(Base& b) {\r\n    b.show();\r\n}\r\nint main() {\r\n    Derived d;\r\n    display(d);\r\n    return 0;\r\n}'),
(236, 141, 'CPP', 'int main()', '#include <bits/stdc++.h>\r\nusing namespace std;\r\nint main(){\r\n    vector<int> v={10,20,30,40};\r\n    v.erase(remove(v.begin(),v.end(),20),v.end());\r\n    for(int x:v) cout<<x<<\" \";\r\n    return 0;\r\n}'),
(237, 142, 'CPP', 'int main()', '#include <bits/stdc++.h>\r\nusing namespace std;\r\nint main(){\r\n    map<int,string> m={{1,\"Alice\"},{2,\"Bob\"}};\r\n    int key=2;\r\n    if(m.count(key))\r\n        cout<<\"Key found\nValue: \"<<m[key];\r\n    return 0;\r\n}'),
(238, 143, 'CPP', 'int main()', '#include <bits/stdc++.h>\r\nusing namespace std;\r\nint main(){\r\n    set<int> s={40,10,20,10,30};\r\n    for(int x:s) cout<<x<<\" \";\r\n    return 0;\r\n}'),
(239, 144, 'CPP', 'int main()', '#include <bits/stdc++.h>\r\nusing namespace std;\r\nint main(){\r\n    vector<int> v={5,15,25,35};\r\n    for(auto it=v.begin();it!=v.end();it++)\r\n        cout<<*it<<\" \";\r\n    return 0;\r\n}'),
(240, 145, 'CPP', 'int main()', '#include <bits/stdc++.h>\r\nusing namespace std;\r\nint main(){\r\n    stack<int> s;\r\n    for(int i=1;i<=5;i++) s.push(i);\r\n    while(!s.empty()){ cout<<s.top()<<\" \"; s.pop(); }\r\n    return 0;\r\n}'),
(241, 146, 'CPP', 'int main()', '#include <bits/stdc++.h>\r\nusing namespace std;\r\nint main(){\r\n    queue<string> q;\r\n    q.push(\"Alice\");\r\n    q.push(\"Bob\");\r\n    cout<<\"Serving: \"<<q.front()<<endl;\r\n    q.pop();\r\n    cout<<\"Remaining in queue: \"<<q.front();\r\n    return 0;\r\n}'),
(242, 147, 'CPP', 'int main()', '#include <bits/stdc++.h>\r\nusing namespace std;\r\nint main(){\r\n    vector<int> v={50,10,40,20};\r\n    sort(v.begin(),v.end());\r\n    for(int x:v) cout<<x<<\" \";\r\n    return 0;\r\n}'),
(243, 148, 'CPP', 'int main()', '#include <bits/stdc++.h>\r\nusing namespace std;\r\nint main(){\r\n    auto add=[](int a,int b){return a+b;};\r\n    cout<<add(10,25);\r\n    return 0;\r\n}'),
(244, 149, 'CPP', 'int main()', '#include <bits/stdc++.h>\r\nusing namespace std;\r\nint main(){\r\n    vector<int> v={7,2,9,4,1};\r\n    cout<<\"Maximum element: \"<<*max_element(v.begin(),v.end())<<endl;\r\n    cout<<\"Minimum element: \"<<*min_element(v.begin(),v.end());\r\n    return 0;\r\n}'),
(245, 150, 'CPP', 'int main()', '#include <bits/stdc++.h>\r\nusing namespace std;\r\nint main(){\r\n    vector<int> v={1,2,3,2,2,4};\r\n    cout<<count(v.begin(),v.end(),2);\r\n    return 0;\r\n}'),
(246, 151, 'CPP', 'int main()', '#include <bits/stdc++.h>\r\nusing namespace std;\r\nint main(){\r\n    vector<int> v={5,10,5,20,5};\r\n    v.erase(remove(v.begin(),v.end(),5),v.end());\r\n    for(int x:v) cout<<x<<\" \";\r\n    return 0;\r\n}'),
(247, 152, 'CPP', 'int main()', '#include <bits/stdc++.h>\r\nusing namespace std;\r\nint main(){\r\n    priority_queue<pair<int,string>> pq;\r\n    pq.push({3,\"TaskA\"});\r\n    pq.push({1,\"TaskB\"});\r\n    pq.push({2,\"TaskC\"});\r\n    while(!pq.empty()){\r\n        cout<<pq.top().second<<endl;\r\n        pq.pop();\r\n    }\r\n    return 0;\r\n}'),
(248, 153, 'CPP', 'int main()', '#include <bits/stdc++.h>\r\nusing namespace std;\r\nint main(){\r\n    unordered_map<int,string> um={{101,\"Math\"},{102,\"Science\"}};\r\n    cout<<um[101];\r\n    return 0;\r\n}'),
(249, 154, 'CPP', 'int main()', '#include <bits/stdc++.h>\r\nusing namespace std;\r\nint main(){\r\n    int n=14;\r\n    auto check=[&](){ return n%2==0?\"Even number\":\"Odd number\"; };\r\n    cout<<check();\r\n    return 0;\r\n}'),
(250, 155, 'CPP', 'int main()', '#include <bits/stdc++.h>\r\nusing namespace std;\r\nint main(){\r\n    vector<int> v={3,6,9};\r\n    for_each(v.begin(),v.end(),[](int x){ cout<<x<<endl; });\r\n    return 0;\r\n}');

-- --------------------------------------------------------

--
-- Table structure for table `test_cases`
--

CREATE TABLE `test_cases` (
  `test_case_id` int(11) NOT NULL,
  `question_id` int(11) NOT NULL,
  `input` text NOT NULL,
  `expected_output` text NOT NULL,
  `is_hidden` tinyint(1) DEFAULT 1
) ENGINE=InnoDB DEFAULT CHARSET=utf8mb4 COLLATE=utf8mb4_general_ci;

--
-- Dumping data for table `test_cases`
--

INSERT INTO `test_cases` (`test_case_id`, `question_id`, `input`, `expected_output`, `is_hidden`) VALUES
(1, 1, '10 20 30', '23', 0),
(2, 1, '5 5 5', '5', 0),
(3, 1, '0 0 0', '0', 1),
(4, 1, '100 100 100', '100', 1),
(5, 1, '1 2 3', '2', 1),
(6, 2, '10 2', '5', 0),
(7, 2, '5 10', '0', 0),
(8, 2, '9 3', '3', 1),
(9, 2, '1 1', '1', 1),
(10, 2, '0 5', '0', 1),
(11, 3, '1.2', '2', 0),
(12, 3, '3.5', '5', 0),
(13, 3, '7.4', '5', 1),
(14, 3, '7.5', '10', 1),
(15, 3, '10.9', '10', 1),
(16, 4, '5 9 7', '5', 0),
(17, 4, '10 4 6', '4', 0),
(18, 4, '8 12 10', '8', 1),
(19, 4, '3 11 7', '3', 1),
(20, 4, '6 8 7', '6', 1),
(21, 5, '-5 3', '1', 0),
(22, 5, '5 -3', '1', 0),
(23, 5, '5 6', '0', 1),
(24, 5, '-4 -9', '0', 1),
(25, 5, '1 -1', '1', 1),
(26, 6, '1', '1', 0),
(27, 6, '3', '14', 0),
(28, 6, '5', '55', 1),
(29, 6, '10', '385', 1),
(30, 6, '0', '0', 1),
(31, 7, '5', '101', 0),
(32, 7, '2', '10', 0),
(33, 7, '8', '1000', 1),
(34, 7, '1', '1', 1),
(35, 7, '15', '1111', 1),
(36, 8, '2 4', '1', 0),
(37, 8, '4 2', '1', 0),
(38, 8, '3 9', '1', 1),
(39, 8, '5 25', '1', 1),
(40, 8, '3 5', '0', 1),
(41, 9, 'abc', 'acb', 0),
(42, 9, 'abcd', 'acbd', 0),
(43, 9, 'hello', 'hlleo', 0),
(44, 9, 'a', 'a', 0),
(45, 9, 'ab', 'ab', 0),
(46, 9, 'xyz', 'xzy', 1),
(47, 9, 'mnop', 'mopn', 1),
(48, 9, 'qwert', 'qtrwe', 1),
(49, 9, 'aaaa', 'aaaa', 1),
(50, 9, 'rotation', 'rtoaiton', 1),
(51, 9, '12345', '13524', 1),
(52, 9, 'ABCDE', 'ACEBD', 1),
(53, 9, 'abcdef', 'acebdf', 1),
(54, 9, 'zzzz', 'zzzz', 1),
(55, 9, 'mirror', 'mrorri', 1),
(56, 10, '1 2 3 4 2', '9', 0),
(57, 10, '5 5 5 2', '10', 0),
(58, 10, '1 1 1 1 3', '3', 0),
(59, 10, '10 20 30 1', '30', 0),
(60, 10, '4 2 1 6 2', '9', 0),
(61, 10, '9 8 7 2', '17', 1),
(62, 10, '1 2 3 4 3', '9', 1),
(63, 10, '100 200 300 1', '300', 1),
(64, 10, '-1 -2 -3 2', '-3', 1),
(65, 10, '0 0 0 1', '0', 1),
(66, 10, '5 1 2 10 1 2 3', '13', 1),
(67, 10, '7 3 4 1 2', '8', 1),
(68, 10, '6 6 6 3', '18', 1),
(69, 10, '2 9 1 8 2', '11', 1),
(70, 10, '4 4 4 4 4', '8', 1),
(71, 11, '1 2 3 0 2', '3 2 1', 0),
(72, 11, '5 6 7 1 2', '5 7 6', 0),
(73, 11, '9 8 0 1', '8 9', 0),
(74, 11, '4 3 2 0 2', '2 3 4', 0),
(75, 11, '1 2 3 1 1', '1 2 3', 1),
(76, 11, '7 8 9 2 0', '9 8 7', 1),
(77, 11, '10 20 30 0 1', '20 10 30', 1),
(78, 11, '6 5 4 3 1 3', '6 3 4 5', 1),
(79, 11, '1 1 1 0 2', '1 1 1', 1),
(80, 11, '100 200 300 2 2', '100 200 300', 1),
(81, 11, '9 7 5 1 3', '9 5 7', 1),
(82, 11, '2 4 6 8 1 3', '2 8 6 4', 1),
(83, 12, '1 2 3 1', '3 1 2', 0),
(84, 12, '1 2 3 4 2', '3 4 1 2', 0),
(85, 12, '9 8 7 0', '9 8 7', 0),
(86, 12, '5 6 7 3', '5 6 7', 0),
(87, 12, '1 2 3 4 5 1', '5 1 2 3 4', 1),
(88, 12, '10 20 30 40 2', '30 40 10 20', 1),
(89, 12, '8 8 8 2', '8 8 8', 1),
(90, 12, '1 2 3 4 6', '3 4 1 2', 1),
(91, 12, '7 6 5 4 3', '5 4 7 6', 1),
(92, 12, '0 0 0 1', '0 0 0', 1),
(93, 12, '100 200 1', '200 100', 1),
(94, 12, '9 1', '9', 1),
(95, 13, '1 2 3 4', '10', 0),
(96, 13, '5 5', '10', 0),
(97, 13, '1 2 3 4 5 6', '21', 0),
(98, 13, '7 7 7 7', '28', 0),
(99, 13, '10 20 30 40', '100', 1),
(100, 13, '9', '9', 1),
(101, 13, '2 4 6 8', '20', 1),
(102, 13, '100 0 100', '200', 1),
(103, 13, '3 3 3', '9', 1),
(104, 13, '-1 -2 -3', '-6', 1),
(105, 14, '0 5', '4', 0),
(106, 14, '2 5', '2', 0),
(107, 14, '4 5', '0', 0),
(108, 14, '1 10', '8', 1),
(109, 14, '9 10', '0', 1),
(110, 14, '5 6', '0', 1),
(111, 14, '3 7', '3', 1),
(112, 14, '6 7', '0', 1),
(113, 14, '0 1', '0', 1),
(114, 14, '4 9', '4', 1),
(115, 15, '1 2 3 4 2', '3 4 1 2', 0),
(116, 15, '5 6 7 8 2', '7 8 5 6', 0),
(117, 15, '9 8 7 6 4', '9 8 7 6', 0),
(118, 15, '1 2 3 4 6', '3 4 1 2', 1),
(119, 15, '10 20 30 40 2', '30 40 10 20', 1),
(120, 15, '1 2 3 3', '1 2 3', 1),
(121, 15, '4 5 6 7 8 4', '4 5 6 7', 1),
(122, 15, '2 2 2 2 2', '2 2 2 2', 1),
(123, 15, '9 1 2 3 2', '2 3 9 1', 1),
(124, 15, '0 0 0 2', '0 0 0', 1),
(125, 16, '-1 5', '0', 0),
(126, 16, '2 5', '2', 0),
(127, 16, '7 5', '4', 0),
(128, 16, '10 10', '9', 1),
(129, 16, '-5 10', '0', 1),
(130, 16, '0 1', '0', 1),
(131, 16, '100 50', '49', 1),
(132, 16, '-100 50', '0', 1),
(133, 16, '25 25', '24', 1),
(134, 16, '1 2', '1', 1),
(135, 17, '1', '1', 0),
(136, 17, '2', '1 2;2 4', 0),
(137, 17, '3', '1 2 3;2 4 6;3 6 9', 0),
(138, 17, '4', '1 2 3 4;2 4 6 8;3 6 9 12;4 8 12 16', 0),
(139, 17, '5', '1 2 3 4 5;2 4 6 8 10;3 6 9 12 15;4 8 12 16 20;5 10 15 20 25', 1),
(140, 17, '6', 'matrix', 1),
(141, 17, '7', 'matrix', 1),
(142, 17, '8', 'matrix', 1),
(143, 17, '9', 'matrix', 1),
(144, 17, '10', 'matrix', 1),
(145, 17, '0', '', 1),
(146, 17, '-1', '', 1),
(147, 17, '11', 'matrix', 1),
(148, 17, '12', 'matrix', 1),
(149, 17, '15', 'matrix', 1),
(150, 18, '1', '*', 0),
(151, 18, '2', '*;**', 0),
(152, 18, '3', '*;**;***', 0),
(153, 18, '4', '*;**;***;****', 0),
(154, 18, '5', '*;**;***;****;*****', 1),
(155, 18, '6', 'pattern', 1),
(156, 18, '7', 'pattern', 1),
(157, 18, '8', 'pattern', 1),
(158, 18, '9', 'pattern', 1),
(159, 18, '10', 'pattern', 1),
(160, 18, '0', '', 1),
(161, 18, '-2', '', 1),
(162, 18, '12', 'pattern', 1),
(163, 18, '15', 'pattern', 1),
(164, 18, '20', 'pattern', 1),
(165, 19, '1', '1', 0),
(166, 19, '2', '1 3', 0),
(167, 19, '3', '1 3 5', 0),
(168, 19, '4', '1 3 5 7', 0),
(169, 19, '5', '1 3 5 7 9', 1),
(170, 19, '6', 'wave', 1),
(171, 19, '7', 'wave', 1),
(172, 19, '8', 'wave', 1),
(173, 19, '9', 'wave', 1),
(174, 19, '10', 'wave', 1),
(175, 19, '0', '', 1),
(176, 19, '-1', '', 1),
(177, 19, '12', 'wave', 1),
(178, 19, '15', 'wave', 1),
(179, 19, '20', 'wave', 1),
(180, 20, '3 1', 'pattern', 0),
(181, 20, '4 2', 'pattern', 0),
(182, 20, '5 3', 'pattern', 0),
(183, 20, '6 4', 'pattern', 0),
(184, 20, '7 5', 'pattern', 1),
(185, 20, '8 6', 'pattern', 1),
(186, 20, '9 7', 'pattern', 1),
(187, 20, '10 8', 'pattern', 1),
(188, 20, '12 9', 'pattern', 1),
(189, 20, '15 10', 'pattern', 1),
(190, 20, '0 1', '', 1),
(191, 20, '-1 1', '', 1),
(192, 20, '5 100', 'pattern', 1),
(193, 20, '6 999', 'pattern', 1),
(194, 20, '20 42', 'pattern', 1),
(195, 21, '1', '#', 0),
(196, 21, '2', '#;##', 0),
(197, 21, '3', '#;##;###', 0),
(198, 21, '4', '#;##;###;####', 0),
(199, 21, '5', '#;##;###;####;#####', 1),
(200, 21, '6', 'steps', 1),
(201, 21, '7', 'steps', 1),
(202, 21, '8', 'steps', 1),
(203, 21, '9', 'steps', 1),
(204, 21, '10', 'steps', 1),
(205, 21, '0', '', 1),
(206, 21, '-3', '', 1),
(207, 21, '12', 'steps', 1),
(208, 21, '15', 'steps', 1),
(209, 21, '20', 'steps', 1),
(210, 22, '1', '0', 0),
(211, 22, '2', '0 1;1 0', 0),
(212, 22, '3', '0 1 0;1 0 1;0 1 0', 0),
(213, 22, '4', 'grid', 0),
(214, 22, '5', 'grid', 1),
(215, 22, '6', 'grid', 1),
(216, 22, '7', 'grid', 1),
(217, 22, '8', 'grid', 1),
(218, 22, '9', 'grid', 1),
(219, 22, '10', 'grid', 1),
(220, 22, '0', '', 1),
(221, 22, '-2', '', 1),
(222, 22, '12', 'grid', 1),
(223, 22, '15', 'grid', 1),
(224, 22, '20', 'grid', 1),
(225, 23, 'A', 'A', 0),
(226, 23, 'AB', 'AB', 0),
(227, 23, 'ABC', 'ABC', 0),
(228, 23, 'HELLO', 'HELLO', 0),
(229, 23, 'WORLD', 'WORLD', 1),
(230, 23, 'SPIRAL', 'SPIRAL', 1),
(231, 23, 'PATTERN', 'PATTERN', 1),
(232, 23, 'DATABASE', 'DATABASE', 1),
(233, 23, 'CPLUSPLUS', 'CPLUSPLUS', 1),
(234, 23, 'PROGRAM', 'PROGRAM', 1),
(235, 23, '', '', 1),
(236, 23, 'A B', 'A B', 1),
(237, 23, '12345', '12345', 1),
(238, 23, 'ABCDEFGHIJ', 'ABCDEFGHIJ', 1),
(239, 23, 'LONGTEXTSTRING', 'LONGTEXTSTRING', 1),
(240, 24, '1', '**', 0),
(241, 24, '2', '****', 0),
(242, 24, '3', '******', 0),
(243, 24, '4', '********', 0),
(244, 24, '5', '**********', 1),
(245, 24, '6', '************', 1),
(246, 24, '7', '**************', 1),
(247, 24, '8', '****************', 1),
(248, 24, '9', '******************', 1),
(249, 24, '10', '********************', 1),
(250, 24, '0', '', 1),
(251, 24, '-1', '', 1),
(252, 24, '12', '************************', 1),
(253, 24, '15', '******************************', 1),
(254, 24, '20', '****************************************', 1),
(255, 25, '10 20 30 40|25', '30 40', 0),
(256, 25, '5 15 25|10', '15 25', 0),
(257, 25, '1 2 3|5', '', 0),
(258, 25, '50 60 70|60', '60 70', 0),
(259, 25, '100 90 80|85', '90 100', 1),
(260, 25, '0 10 20|0', '0 10 20', 1),
(261, 25, '5|5', '5', 1),
(262, 25, '5|6', '', 1),
(263, 25, '1 1 1|1', '1 1 1', 1),
(264, 25, '-1 5 10|0', '5 10', 1),
(265, 25, '99 98|100', '', 1),
(266, 25, '10 20|15', '20', 1),
(267, 25, '3 6 9|6', '6 9', 1),
(268, 25, '7 8 9|8', '8 9', 1),
(269, 25, '100|50', '100', 1),
(270, 26, '1 2 3 4', '1 2 3 4', 0),
(271, 26, '1 3 2 4', '1 3 4', 0),
(272, 26, '5 4 3', '3', 0),
(273, 26, '2 2 2', '2', 0),
(274, 26, '1 5 10 3 6', '1 5 10 6', 1),
(275, 26, '10', '10', 1),
(276, 26, '1 2 1 2 1 2', '1 2 2', 1),
(277, 26, '3 6 9', '3 6 9', 1),
(278, 26, '9 6 3', '3', 1),
(279, 26, '1 4 2 8', '1 4 8', 1),
(280, 26, '0 1 0 1', '0 1 1', 1),
(281, 26, '5 10 15', '5 10 15', 1),
(282, 26, '7 7 8', '7 8', 1),
(283, 26, '1 3 5 4 6', '1 3 5 6', 1),
(284, 26, '-3 -2 -1', '-3 -2 -1', 1),
(285, 27, '1 -2 5 0|1', '-2 5', 0),
(286, 27, '10 -10 3|5', '10 -10', 0),
(287, 27, '1 2 3|5', '', 0),
(288, 27, '-6 6|5', '-6 6', 0),
(289, 27, '0 0 0|0', '', 1),
(290, 27, '100 -100|50', '100 -100', 1),
(291, 27, '5|4', '5', 1),
(292, 27, '5|5', '', 1),
(293, 27, '-1 1|0', '-1 1', 1),
(294, 27, '-3 -2 -1|2', '-3', 1),
(295, 27, '9 8 7|7', '9 8', 1),
(296, 27, '1 100|10', '100', 1),
(297, 27, '-50|25', '-50', 1),
(298, 27, '3 3 3|3', '', 1),
(299, 27, '4 5 6|4', '5 6', 1),
(300, 28, '1 -1 2 -1 3', '1 2 3', 0),
(301, 28, '-1 -1', '', 0),
(302, 28, '5 6 7', '5 6 7', 0),
(303, 28, '-1 10', '10', 0),
(304, 28, '0 -1 0', '0 0', 1),
(305, 28, '-1', '', 1),
(306, 28, '100 -1 200', '100 200', 1),
(307, 28, '-1 -1 -1', '', 1),
(308, 28, '1 2 3', '1 2 3', 1),
(309, 28, '9 -1 8 -1 7', '9 8 7', 1),
(310, 28, '-5 -1 -3', '-5 -3', 1),
(311, 28, '0', '0', 1),
(312, 28, '-1 0', '0', 1),
(313, 28, '50 -1 -1 60', '50 60', 1),
(314, 28, '1 -1 1 -1', '1 1', 1),
(315, 29, '1 2 3 4|3', '3 4', 0),
(316, 29, '5 1 4|4', '5 4', 0),
(317, 29, '0 0 1|1', '1', 0),
(318, 29, '10|5', '10', 0),
(319, 29, '1 1 1|2', '', 1),
(320, 29, '100 50|50', '100 50', 1),
(321, 29, '-1 5|0', '5', 1),
(322, 29, '7 8 9|8', '8 9', 1),
(323, 29, '3 2 1|1', '3 2 1', 1),
(324, 29, '5 6|7', '', 1),
(325, 29, '0|0', '0', 1),
(326, 29, '2 4 6|3', '4 6', 1),
(327, 29, '9 8 7|9', '9', 1),
(328, 29, '-5 -3|0', '', 1),
(329, 29, '10 20 30|25', '30', 1),
(330, 30, '1 2 3', '3', 0),
(331, 30, '5 3 9 1', '9', 0),
(332, 30, '-1 -2 -3', '-1', 0),
(333, 30, '10', '10', 0),
(334, 30, '100 50', '100', 1),
(335, 30, '0 0 0', '0', 1),
(336, 30, '-10 10', '10', 1),
(337, 30, '7 7 7', '7', 1),
(338, 30, '1 1000 2', '1000', 1),
(339, 30, '-5 -1', '-1', 1),
(340, 30, '3 6 9', '9', 1),
(341, 30, '42', '42', 1),
(342, 30, '8 3', '8', 1),
(343, 30, '1 2', '2', 1),
(344, 30, '99 100', '100', 1),
(345, 31, '1 2 100 3|10', '1 2 3', 0),
(346, 31, '-5 5 50|10', '-5 5', 0),
(347, 31, '0 0 0|0', '0 0 0', 0),
(348, 31, '10 20|15', '10', 0),
(349, 31, '-100 100|50', '', 1),
(350, 31, '5|5', '5', 1),
(351, 31, '6|5', '', 1),
(352, 31, '-3 -2 -1|2', '-2 -1', 1),
(353, 31, '9 8 7|7', '7', 1),
(354, 31, '1 2 3|10', '1 2 3', 1),
(355, 31, '-10 -5|7', '-5', 1),
(356, 31, '100|100', '100', 1),
(357, 31, '0|0', '0', 1),
(358, 31, '50 -50|49', '', 1),
(359, 31, '4 5 6|5', '4 5', 1),
(360, 32, '1 1 2 2 3', '1 2 3', 0),
(361, 32, '5 5 5', '5', 0),
(362, 32, '1 2 3', '1 2 3', 0),
(363, 32, '9 9 8 8 7', '9 8 7', 0),
(364, 32, '0 0 0 0', '0', 1),
(365, 32, '1 1 1 2 2', '1 2', 1),
(366, 32, '3 3 3 3', '3', 1),
(367, 32, '-1 -1 0 0', '-1 0', 1),
(368, 32, '5', '5', 1),
(369, 32, '1 2 2 3 3 3', '1 2 3', 1),
(370, 32, '7 7 7 8', '7 8', 1),
(371, 32, '2 2 2 2 2', '2', 1),
(372, 32, '9 8 8 7', '9 8 7', 1),
(373, 32, '4 4 5 6 6', '4 5 6', 1),
(374, 32, '1 1 1 1 1', '1', 1),
(375, 33, '1 60', '1', 0),
(376, 33, '1 50', '0', 0),
(377, 33, '2 20', '1', 0),
(378, 33, '2 30', '0', 0),
(379, 33, '1 100', '1', 1),
(380, 33, '1 0', '0', 1),
(381, 33, '2 0', '1', 1),
(382, 33, '2 29', '1', 1),
(383, 33, '2 31', '0', 1),
(384, 33, '3 50', '0', 1),
(385, 33, '0 100', '0', 1),
(386, 33, '1 51', '1', 1),
(387, 33, '1 49', '0', 1),
(388, 33, '2 1', '1', 1),
(389, 33, '2 100', '0', 1),
(390, 34, '1 1 0', '1', 0),
(391, 34, '1 0 0', '0', 0),
(392, 34, '1 1 1', '1', 0),
(393, 34, '0 0 0', '0', 0),
(394, 34, '0 1 1', '1', 1),
(395, 34, '1 0 1', '1', 1),
(396, 34, '0 0 1', '0', 1),
(397, 34, '1 0 0', '0', 1),
(398, 34, '1 1 0', '1', 1),
(399, 34, '0 1 0', '0', 1),
(400, 34, '1 1 1', '1', 1),
(401, 34, '2 0 0', '1', 1),
(402, 34, '-1 1 2', '1', 1),
(403, 34, '-1 -1 -1', '0', 1),
(404, 34, '0 2 0', '1', 1),
(405, 35, '1 0', '1', 0),
(406, 35, '0 1', '1', 0),
(407, 35, '0 0', '0', 0),
(408, 35, '5 3', '5', 0),
(409, 35, '-1 5', '-1', 1),
(410, 35, '0 9', '9', 1),
(411, 35, '10 20', '10', 1),
(412, 35, '0 -5', '-5', 1),
(413, 35, '7 0', '7', 1),
(414, 35, '-3 -4', '-3', 1),
(415, 35, '0 100', '100', 1),
(416, 35, '1 999', '1', 1),
(417, 35, '0 1', '1', 1),
(418, 35, '2 2', '2', 1),
(419, 35, '-10 10', '-10', 1),
(420, 36, '30 50', '1', 0),
(421, 36, '50 50', '1', 0),
(422, 36, '51 50', '0', 0),
(423, 36, '0 0', '1', 0),
(424, 36, '100 100', '1', 1),
(425, 36, '99 100', '1', 1),
(426, 36, '101 100', '0', 1),
(427, 36, '-1 10', '1', 1),
(428, 36, '10 0', '0', 1),
(429, 36, '0 10', '1', 1),
(430, 36, '75 80', '1', 1),
(431, 36, '80 75', '0', 1),
(432, 36, '1 1', '1', 1),
(433, 36, '2 1', '0', 1),
(434, 36, '-10 -5', '1', 1),
(435, 37, '0', '1', 0),
(436, 37, '1', '2', 0),
(437, 37, '2', '3', 0),
(438, 37, '3', '3', 0),
(439, 37, '-1', '3', 1),
(440, 37, '10', '3', 1),
(441, 37, '100', '3', 1),
(442, 37, '1', '2', 1),
(443, 37, '0', '1', 1),
(444, 37, '5', '3', 1),
(445, 37, '-10', '3', 1),
(446, 37, '2', '3', 1),
(447, 37, '7', '3', 1),
(448, 37, '9', '3', 1),
(449, 37, '-100', '3', 1),
(450, 38, '10 20', '20', 0),
(451, 38, '20 10', '20', 0),
(452, 38, '5 5', '5', 0),
(453, 38, '-1 1', '1', 0),
(454, 38, '-10 -20', '-10', 1),
(455, 38, '100 99', '100', 1),
(456, 38, '0 0', '0', 1),
(457, 38, '7 -7', '7', 1),
(458, 38, '-5 5', '5', 1),
(459, 38, '1 2', '2', 1),
(460, 38, '9 3', '9', 1),
(461, 38, '1000 1', '1000', 1),
(462, 38, '-100 0', '0', 1),
(463, 38, '6 6', '6', 1),
(464, 38, '-3 -1', '-1', 1),
(465, 39, '50 50 50', '1', 0),
(466, 39, '100 30 20', '1', 0),
(467, 39, '40 40 40', '0', 0),
(468, 39, '150 0 0', '1', 0),
(469, 39, '149 0 0', '0', 1),
(470, 39, '75 75 0', '1', 1),
(471, 39, '60 60 20', '0', 1),
(472, 39, '100 100 100', '1', 1),
(473, 39, '0 0 0', '0', 1),
(474, 39, '-10 160 0', '1', 1),
(475, 39, '-50 100 100', '1', 1),
(476, 39, '30 30 80', '0', 1),
(477, 39, '70 70 10', '0', 1),
(478, 39, '50 50 49', '0', 1),
(479, 39, '50 50 50', '1', 1),
(480, 40, '1 1', '1', 0),
(481, 40, '1 0', '0', 0),
(482, 40, '0 1', '0', 0),
(483, 40, '-1 1', '0', 0),
(484, 40, '10 20', '1', 1),
(485, 40, '-10 -20', '0', 1),
(486, 40, '5 -5', '0', 1),
(487, 40, '100 1', '1', 1),
(488, 40, '1 -100', '0', 1),
(489, 40, '0 0', '0', 1),
(490, 40, '999 999', '1', 1),
(491, 40, '-1 -1', '0', 1),
(492, 40, '2 3', '1', 1),
(493, 40, '-2 3', '0', 1),
(494, 40, '3 -2', '0', 1),
(495, 41, '1', '1', 0),
(496, 41, '2', '1;1 2', 0),
(497, 41, '3', '1;1 2;1 2 3', 0),
(498, 41, '4', '1;1 2;1 2 3;1 2 3 4', 0),
(499, 41, '5', '1;1 2;1 2 3;1 2 3 4;1 2 3 4 5', 0),
(500, 41, '0', '', 1),
(501, 41, '6', 'pattern', 1),
(502, 41, '7', 'pattern', 1),
(503, 41, '8', 'pattern', 1),
(504, 41, '10', 'pattern', 1),
(505, 42, '1', '1', 0),
(506, 42, '2', '1;4 4', 0),
(507, 42, '3', '1;4 4;9 9 9', 0),
(508, 42, '4', '1;4 4;9 9 9;16 16 16 16', 0),
(509, 42, '5', 'pattern', 1),
(510, 42, '6', 'pattern', 1),
(511, 42, '0', '', 1),
(512, 42, '7', 'pattern', 1),
(513, 42, '8', 'pattern', 1),
(514, 42, '10', 'pattern', 1),
(515, 43, '1', '1', 0),
(516, 43, '2', '1;2 3', 0),
(517, 43, '3', '1;2 3;4 5 6', 0),
(518, 43, '4', '1;2 3;4 5 6;7 8 9 10', 0),
(519, 43, '5', 'pattern', 1),
(520, 43, '6', 'pattern', 1),
(521, 43, '0', '', 1),
(522, 43, '7', 'pattern', 1),
(523, 43, '8', 'pattern', 1),
(524, 43, '10', 'pattern', 1),
(525, 44, '1', '*', 0),
(526, 44, '2', ' *;***', 0),
(527, 44, '3', '  *; ***;*****', 0),
(528, 44, '4', '   *;  ***; *****;*******', 0),
(529, 44, '5', 'pattern', 1),
(530, 44, '6', 'pattern', 1),
(531, 44, '0', '', 1),
(532, 44, '7', 'pattern', 1),
(533, 44, '8', 'pattern', 1),
(534, 44, '10', 'pattern', 1),
(535, 45, '1', '1', 0),
(536, 45, '2', '1;1 0', 0),
(537, 45, '3', '1;1 0;1 0 1', 0),
(538, 45, '4', '1;1 0;1 0 1;1 0 1 0', 0),
(539, 45, '5', 'pattern', 1),
(540, 45, '6', 'pattern', 1),
(541, 45, '0', '', 1),
(542, 45, '7', 'pattern', 1),
(543, 45, '8', 'pattern', 1),
(544, 45, '10', 'pattern', 1),
(545, 46, '1', '1', 0),
(546, 46, '2', '1;2 2', 0),
(547, 46, '3', '1;2 2;3 3 3', 0),
(548, 46, '4', '1;2 2;3 3 3;4 4 4 4', 0),
(549, 46, '5', 'pattern', 1),
(550, 46, '6', 'pattern', 1),
(551, 46, '0', '', 1),
(552, 46, '7', 'pattern', 1),
(553, 46, '8', 'pattern', 1),
(554, 46, '10', 'pattern', 1),
(555, 47, '1', '1', 0),
(556, 47, '2', '1;2 3', 0),
(557, 47, '3', '1;2 3;4 5 6', 0),
(558, 47, '4', '1;2 3;4 5 6;7 8 9 10', 0),
(559, 47, '5', 'pattern', 1),
(560, 47, '6', 'pattern', 1),
(561, 47, '0', '', 1),
(562, 47, '7', 'pattern', 1),
(563, 47, '8', 'pattern', 1),
(564, 47, '10', 'pattern', 1),
(565, 48, '1', '*', 0),
(566, 48, '2', ' *;***; *', 0),
(567, 48, '3', '  *; ***;*****; ***;  *', 0),
(568, 48, '4', '   *;  ***; *****;*******; *****;  ***;   *', 0),
(569, 48, '5', 'pattern', 1),
(570, 48, '6', 'pattern', 1),
(571, 48, '0', '', 1),
(572, 48, '7', 'pattern', 1),
(573, 48, '8', 'pattern', 1),
(574, 48, '10', 'pattern', 1),
(575, 49, '1', '1', 0),
(576, 49, '2', '1 2;1', 0),
(577, 49, '3', '1 2 3;1 2;1', 0),
(578, 49, '4', '1 2 3 4;1 2 3;1 2;1', 0),
(579, 49, '5', 'pattern', 1),
(580, 49, '6', 'pattern', 1),
(581, 49, '0', '', 1),
(582, 49, '7', 'pattern', 1),
(583, 49, '8', 'pattern', 1),
(584, 49, '10', 'pattern', 1),
(585, 50, '1', '*', 0),
(586, 50, '2', ' *;**', 0),
(587, 50, '3', '  *; **;***', 0),
(588, 50, '4', '   *;  **; ***;****', 0),
(589, 50, '5', 'pattern', 1),
(590, 50, '6', 'pattern', 1),
(591, 50, '0', '', 1),
(592, 50, '7', 'pattern', 1),
(593, 50, '8', 'pattern', 1),
(594, 50, '10', 'pattern', 1),
(595, 51, '1', '*', 0),
(596, 51, '2', ' *;***', 0),
(597, 51, '3', '  *; * *;*****', 0),
(598, 51, '4', '   *;  * *; *   *;*******', 0),
(599, 51, '5', 'pattern', 1),
(600, 51, '6', 'pattern', 1),
(601, 51, '7', 'pattern', 1),
(602, 51, '8', 'pattern', 1),
(603, 51, '9', 'pattern', 1),
(604, 51, '10', 'pattern', 1),
(605, 51, '12', 'pattern', 1),
(606, 51, '15', 'pattern', 1),
(607, 51, '20', 'pattern', 1),
(608, 51, '25', 'pattern', 1),
(609, 51, '30', 'pattern', 1),
(610, 52, '1', '1', 0),
(611, 52, '2', ' 1;1 1', 0),
(612, 52, '3', '  1; 1 1;1 2 1', 0),
(613, 52, '4', '   1;  1 1; 1 2 1;1 3 3 1', 0),
(614, 52, '5', '    1;   1 1;  1 2 1; 1 3 3 1;1 4 6 4 1', 0),
(615, 52, '6', 'pattern', 1),
(616, 52, '7', 'pattern', 1),
(617, 52, '8', 'pattern', 1),
(618, 52, '9', 'pattern', 1),
(619, 52, '10', 'pattern', 1),
(620, 52, '12', 'pattern', 1),
(621, 52, '15', 'pattern', 1),
(622, 52, '18', 'pattern', 1),
(623, 52, '20', 'pattern', 1),
(624, 52, '25', 'pattern', 1),
(625, 53, '1', '1', 0),
(626, 53, '2', '1;2 3', 0),
(627, 53, '3', '1;2 3;6 5 4', 0),
(628, 53, '4', '1;2 3;6 5 4;7 8 9 10', 0),
(629, 53, '5', '1;2 3;6 5 4;7 8 9 10;15 14 13 12 11', 0),
(630, 53, '6', 'pattern', 1),
(631, 53, '7', 'pattern', 1),
(632, 53, '8', 'pattern', 1),
(633, 53, '9', 'pattern', 1),
(634, 53, '10', 'pattern', 1),
(635, 53, '12', 'pattern', 1),
(636, 53, '15', 'pattern', 1),
(637, 53, '20', 'pattern', 1),
(638, 53, '25', 'pattern', 1),
(639, 53, '30', 'pattern', 1),
(640, 54, '1', '1', 0),
(641, 54, '2', ' 1;1 2; 1', 0),
(642, 54, '3', '  1; 1 2;1 2 3; 1 2;  1', 0),
(643, 54, '4', '   1;  1 2; 1 2 3;1 2 3 4; 1 2 3;  1 2;   1', 0),
(644, 54, '5', 'pattern', 1),
(645, 54, '6', 'pattern', 1),
(646, 54, '7', 'pattern', 1),
(647, 54, '8', 'pattern', 1),
(648, 54, '9', 'pattern', 1),
(649, 54, '10', 'pattern', 1),
(650, 54, '12', 'pattern', 1),
(651, 54, '15', 'pattern', 1),
(652, 54, '18', 'pattern', 1),
(653, 54, '20', 'pattern', 1),
(654, 55, '1', 'X', 0),
(655, 55, '2', 'X;X O', 0),
(656, 55, '3', 'X;X O;X O X', 0),
(657, 55, '4', 'X;X O;X O X;X O X O', 0),
(658, 55, '5', 'X;X O;X O X;X O X O;X O X O X', 0),
(659, 55, '6', 'pattern', 1),
(660, 55, '7', 'pattern', 1),
(661, 55, '8', 'pattern', 1),
(662, 55, '9', 'pattern', 1),
(663, 55, '10', 'pattern', 1),
(664, 55, '12', 'pattern', 1),
(665, 55, '15', 'pattern', 1),
(666, 55, '18', 'pattern', 1),
(667, 55, '20', 'pattern', 1),
(668, 55, '25', 'pattern', 1),
(669, 56, '1', '*', 0),
(670, 56, '2', '**;**', 0),
(671, 56, '3', '***;* *;***', 0),
(672, 56, '4', '****;*  *;*  *;****', 0),
(673, 56, '5', '*****;*   *;*   *;*   *;*****', 0),
(674, 56, '6', 'pattern', 1),
(675, 56, '7', 'pattern', 1),
(676, 56, '8', 'pattern', 1),
(677, 56, '9', 'pattern', 1),
(678, 56, '10', 'pattern', 1),
(679, 56, '12', 'pattern', 1),
(680, 56, '15', 'pattern', 1),
(681, 56, '18', 'pattern', 1),
(682, 56, '20', 'pattern', 1),
(683, 56, '25', 'pattern', 1),
(684, 57, '1', '1', 0),
(685, 57, '2', '1;3', 0),
(686, 57, '3', '1;3;6', 0),
(687, 57, '4', '1;3;6;10', 0),
(688, 57, '5', '1;3;6;10;15', 0),
(689, 57, '6', 'pattern', 1),
(690, 57, '7', 'pattern', 1),
(691, 57, '8', 'pattern', 1),
(692, 57, '9', 'pattern', 1),
(693, 57, '10', 'pattern', 1),
(694, 57, '12', 'pattern', 1),
(695, 57, '15', 'pattern', 1),
(696, 57, '18', 'pattern', 1),
(697, 57, '20', 'pattern', 1),
(698, 57, '25', 'pattern', 1),
(699, 58, '1', '1', 0),
(700, 58, '2', ' 1;1 2; 1', 0),
(701, 58, '3', '  1; 1 2;1 2 3; 1 2;  1', 0),
(702, 58, '4', '   1;  1 2; 1 2 3;1 2 3 4; 1 2 3;  1 2;   1', 0),
(703, 58, '5', 'pattern', 1),
(704, 58, '6', 'pattern', 1),
(705, 58, '7', 'pattern', 1),
(706, 58, '8', 'pattern', 1),
(707, 58, '9', 'pattern', 1),
(708, 58, '10', 'pattern', 1),
(709, 58, '12', 'pattern', 1),
(710, 58, '15', 'pattern', 1),
(711, 58, '18', 'pattern', 1),
(712, 58, '20', 'pattern', 1),
(713, 59, '1', '*', 0),
(714, 59, '2', '***; *', 0),
(715, 59, '3', '*****; ***;  *', 0),
(716, 59, '4', '*******; *****;  ***;   *', 0),
(717, 59, '5', '*********; *******;  *****;   ***;    *', 0),
(718, 59, '6', 'pattern', 1),
(719, 59, '7', 'pattern', 1),
(720, 59, '8', 'pattern', 1),
(721, 59, '9', 'pattern', 1),
(722, 59, '10', 'pattern', 1),
(723, 59, '12', 'pattern', 1),
(724, 59, '15', 'pattern', 1),
(725, 59, '18', 'pattern', 1),
(726, 59, '20', 'pattern', 1),
(727, 59, '25', 'pattern', 1),
(728, 60, '1', '1', 0),
(729, 60, '2', '1;2 4', 0),
(730, 60, '3', '1;2 4;3 6 9', 0),
(731, 60, '4', '1;2 4;3 6 9;4 8 12 16', 0),
(732, 60, '5', '1;2 4;3 6 9;4 8 12 16;5 10 15 20 25', 0),
(733, 60, '6', 'pattern', 1),
(734, 60, '7', 'pattern', 1),
(735, 60, '8', 'pattern', 1),
(736, 60, '9', 'pattern', 1),
(737, 60, '10', 'pattern', 1),
(738, 60, '12', 'pattern', 1),
(739, 60, '15', 'pattern', 1),
(740, 60, '18', 'pattern', 1),
(741, 60, '20', 'pattern', 1),
(742, 60, '25', 'pattern', 1),
(743, 61, '1', 'Stop', 0),
(744, 61, '2', 'Ready', 0),
(745, 61, '3', 'Go', 0),
(746, 61, '5', 'Invalid input', 0),
(747, 61, '0', 'Invalid input', 0),
(748, 61, '-1', 'Invalid input', 1),
(749, 61, '4', 'Invalid input', 1),
(750, 61, '10', 'Invalid input', 1),
(751, 61, '100', 'Invalid input', 1),
(752, 61, '-10', 'Invalid input', 1),
(753, 61, '7', 'Invalid input', 1),
(754, 61, '8', 'Invalid input', 1),
(755, 61, '9', 'Invalid input', 1),
(756, 61, '15', 'Invalid input', 1),
(757, 61, '20', 'Invalid input', 1),
(758, 62, '65 regular', 'Eligible for discount', 0),
(759, 62, '22 premium', 'Eligible for discount', 0),
(760, 62, '30 premium', 'Not eligible for discount', 0),
(761, 62, '18 premium', 'Eligible for discount', 0),
(762, 62, '25 premium', 'Eligible for discount', 0),
(763, 62, '17 premium', 'Not eligible for discount', 1),
(764, 62, '60 regular', 'Not eligible for discount', 1),
(765, 62, '61 regular', 'Eligible for discount', 1),
(766, 62, '24 regular', 'Not eligible for discount', 1),
(767, 62, '19 basic', 'Not eligible for discount', 1),
(768, 62, '40 premium', 'Not eligible for discount', 1),
(769, 62, '70 premium', 'Eligible for discount', 1),
(770, 62, '21 gold', 'Not eligible for discount', 1),
(771, 62, '18 regular', 'Not eligible for discount', 1),
(772, 62, '25 regular', 'Not eligible for discount', 1),
(773, 63, '-5', 'Danger: Freezing', 0),
(774, 63, '0', 'Normal', 0),
(775, 63, '20', 'Normal', 0),
(776, 63, '35', 'Normal', 0),
(777, 63, '42', 'Warning: Hot', 0),
(778, 63, '36', 'Warning: Hot', 1),
(779, 63, '50', 'Warning: Hot', 1),
(780, 63, '51', 'Danger: Extreme Heat', 1),
(781, 63, '100', 'Danger: Extreme Heat', 1),
(782, 63, '-20', 'Danger: Freezing', 1),
(783, 63, '10', 'Normal', 1),
(784, 63, '30', 'Normal', 1),
(785, 63, '45', 'Warning: Hot', 1),
(786, 63, '60', 'Danger: Extreme Heat', 1),
(787, 63, '5', 'Normal', 1),
(788, 64, '1', 'Penalty amount: $2', 0),
(789, 64, '5', 'Penalty amount: $10', 0),
(790, 64, '6', 'Penalty amount: $30', 0),
(791, 64, '7', 'Penalty amount: $35', 0),
(792, 64, '10', 'Penalty amount: $50', 0),
(793, 64, '11', 'Penalty amount: $110', 1),
(794, 64, '12', 'Penalty amount: $120', 1),
(795, 64, '15', 'Penalty amount: $150', 1),
(796, 64, '20', 'Penalty amount: $200', 1),
(797, 64, '0', 'Penalty amount: $0', 1),
(798, 64, '3', 'Penalty amount: $6', 1),
(799, 64, '8', 'Penalty amount: $40', 1),
(800, 64, '9', 'Penalty amount: $45', 1),
(801, 64, '25', 'Penalty amount: $250', 1),
(802, 64, '30', 'Penalty amount: $300', 1),
(803, 64, '1', 'Penalty amount: $2', 0),
(804, 64, '5', 'Penalty amount: $10', 0),
(805, 64, '6', 'Penalty amount: $30', 0),
(806, 64, '7', 'Penalty amount: $35', 0),
(807, 64, '10', 'Penalty amount: $50', 0),
(808, 64, '11', 'Penalty amount: $110', 1),
(809, 64, '12', 'Penalty amount: $120', 1),
(810, 64, '15', 'Penalty amount: $150', 1),
(811, 64, '20', 'Penalty amount: $200', 1),
(812, 64, '0', 'Penalty amount: $0', 1),
(813, 64, '3', 'Penalty amount: $6', 1),
(814, 64, '8', 'Penalty amount: $40', 1),
(815, 64, '9', 'Penalty amount: $45', 1),
(816, 64, '25', 'Penalty amount: $250', 1),
(817, 64, '30', 'Penalty amount: $300', 1),
(818, 65, '1000 850', 'Transaction approved', 0),
(819, 65, '500 450', 'Transaction denied', 0),
(820, 65, '1000 900', 'Transaction approved', 0),
(821, 65, '1000 950', 'Transaction denied', 0),
(822, 65, '200 50', 'Transaction approved', 0),
(823, 65, '150 50', 'Transaction denied', 1),
(824, 65, '100 0', 'Transaction approved', 1),
(825, 65, '1000 1000', 'Transaction denied', 1),
(826, 65, '500 300', 'Transaction approved', 1),
(827, 65, '400 300', 'Transaction denied', 1),
(828, 65, '10000 9900', 'Transaction approved', 1),
(829, 65, '200 101', 'Transaction denied', 1),
(830, 65, '1000 100', 'Transaction approved', 1),
(831, 65, '300 199', 'Transaction denied', 1),
(832, 65, '600 400', 'Transaction approved', 1),
(833, 66, '40 60 55', 'Pass', 0),
(834, 66, '30 60 55', 'Fail', 0),
(835, 66, '35 35 35', 'Fail', 0),
(836, 66, '50 50 50', 'Pass', 0),
(837, 66, '70 80 90', 'Pass', 0),
(838, 66, '34 90 90', 'Fail', 1),
(839, 66, '90 34 90', 'Fail', 1),
(840, 66, '90 90 34', 'Fail', 1),
(841, 66, '36 36 36', 'Fail', 1),
(842, 66, '40 40 40', 'Fail', 1),
(843, 66, '60 60 30', 'Fail', 1),
(844, 66, '100 100 100', 'Pass', 1),
(845, 66, '35 50 65', 'Pass', 1),
(846, 66, '35 35 80', 'Fail', 1),
(847, 66, '49 50 51', 'Pass', 1),
(848, 67, '8 12', 'Delivery charge: $15', 0),
(849, 67, '3 8', 'Delivery charge: $5', 0),
(850, 67, '25 5', 'Delivery charge: $20', 0),
(851, 67, '10 15', 'Delivery charge: $15', 0),
(852, 67, '5 11', 'Delivery charge: $10', 0),
(853, 67, '20 9', 'Delivery charge: $10', 1),
(854, 67, '21 11', 'Delivery charge: $25', 1),
(855, 67, '1 20', 'Delivery charge: $10', 1),
(856, 67, '6 10', 'Delivery charge: $10', 1),
(857, 67, '15 11', 'Delivery charge: $15', 1),
(858, 67, '30 20', 'Delivery charge: $25', 1),
(859, 67, '4 5', 'Delivery charge: $5', 1),
(860, 67, '18 12', 'Delivery charge: $15', 1),
(861, 67, '7 9', 'Delivery charge: $10', 1),
(862, 67, '50 50', 'Delivery charge: $25', 1),
(863, 68, '2 5', 'Move Up', 0),
(864, 68, '7 3', 'Move Down', 0),
(865, 68, '4 4', 'Already on the floor', 0),
(866, 68, '1 10', 'Move Up', 0),
(867, 68, '10 1', 'Move Down', 0),
(868, 68, '5 6', 'Move Up', 1),
(869, 68, '6 5', 'Move Down', 1),
(870, 68, '0 0', 'Already on the floor', 1),
(871, 68, '-1 5', 'Move Up', 1),
(872, 68, '5 -1', 'Move Down', 1),
(873, 68, '3 3', 'Already on the floor', 1),
(874, 68, '100 200', 'Move Up', 1),
(875, 68, '200 100', 'Move Down', 1),
(876, 68, '8 8', 'Already on the floor', 1),
(877, 68, '1 1', 'Already on the floor', 1),
(878, 69, '5', 'Refuel immediately', 0),
(879, 69, '10', 'Fuel Low', 0),
(880, 69, '20', 'Fuel Low', 0),
(881, 69, '30', 'Fuel Low', 0),
(882, 69, '40', 'Fuel Sufficient', 0),
(883, 69, '0', 'Refuel immediately', 1),
(884, 69, '9', 'Refuel immediately', 1),
(885, 69, '15', 'Fuel Low', 1),
(886, 69, '29', 'Fuel Low', 1),
(887, 69, '31', 'Fuel Sufficient', 1),
(888, 69, '50', 'Fuel Sufficient', 1),
(889, 69, '75', 'Fuel Sufficient', 1),
(890, 69, '100', 'Fuel Sufficient', 1),
(891, 69, '-5', 'Refuel immediately', 1),
(892, 69, '200', 'Fuel Sufficient', 1),
(893, 70, '10', 'Not eligible', 0),
(894, 70, '18', 'Eligible', 0),
(895, 70, '30', 'Eligible', 0),
(896, 70, '60', 'Eligible', 0),
(897, 70, '61', 'Priority Eligible', 0),
(898, 70, '0', 'Not eligible', 1),
(899, 70, '17', 'Not eligible', 1),
(900, 70, '19', 'Eligible', 1),
(901, 70, '45', 'Eligible', 1),
(902, 70, '59', 'Eligible', 1),
(903, 70, '60', 'Eligible', 1),
(904, 70, '65', 'Priority Eligible', 1),
(905, 70, '80', 'Priority Eligible', 1),
(906, 70, '100', 'Priority Eligible', 1),
(907, 70, '-1', 'Not eligible', 1),
(908, 71, '5 matinee', '$5', 0),
(909, 71, '10 evening', '$5', 0),
(910, 71, '12 matinee', '$10', 0),
(911, 71, '25 evening', '$12', 0),
(912, 71, '60 matinee', '$10', 0),
(913, 71, '61 matinee', '$6', 1),
(914, 71, '70 evening', '$6', 1),
(915, 71, '30 matinee', '$10', 1),
(916, 71, '30 evening', '$12', 1),
(917, 71, '11 matinee', '$5', 1),
(918, 71, '12 evening', '$12', 1),
(919, 71, '18 matinee', '$10', 1),
(920, 71, '45 evening', '$12', 1),
(921, 71, '65 evening', '$6', 1),
(922, 71, '1 matinee', '$5', 1),
(923, 72, '95', 'Excellent', 0),
(924, 72, '90', 'Excellent', 0),
(925, 72, '85', 'Very Good', 0),
(926, 72, '75', 'Very Good', 0),
(927, 72, '60', 'Pass', 0),
(928, 72, '50', 'Pass', 1),
(929, 72, '49', 'Fail', 1),
(930, 72, '0', 'Fail', 1),
(931, 72, '100', 'Excellent', 1),
(932, 72, '74', 'Pass', 1),
(933, 72, '89', 'Very Good', 1),
(934, 72, '76', 'Very Good', 1),
(935, 72, '30', 'Fail', 1),
(936, 72, '55', 'Pass', 1),
(937, 72, '10', 'Fail', 1),
(938, 73, '1', '$10', 0),
(939, 73, '2', '$10', 0),
(940, 73, '3', '$20', 0),
(941, 73, '4', '$20', 0),
(942, 73, '5', '$20', 0),
(943, 73, '6', '$30', 1),
(944, 73, '7', '$30', 1),
(945, 73, '10', '$30', 1),
(946, 73, '0', '$10', 1),
(947, 73, '2.5', '$20', 1),
(948, 73, '5.5', '$30', 1),
(949, 73, '8', '$30', 1),
(950, 73, '12', '$30', 1),
(951, 73, '3.5', '$20', 1),
(952, 73, '1.5', '$10', 1),
(953, 74, '10', 'Normal', 0),
(954, 74, '19', 'Normal', 0),
(955, 74, '20', 'Caution', 0),
(956, 74, '35', 'Caution', 0),
(957, 74, '50', 'Danger', 0),
(958, 74, '55', 'Danger', 1),
(959, 74, '70', 'Danger', 1),
(960, 74, '0', 'Normal', 1),
(961, 74, '25', 'Caution', 1),
(962, 74, '49', 'Caution', 1),
(963, 74, '51', 'Danger', 1),
(964, 74, '100', 'Danger', 1),
(965, 74, '18', 'Normal', 1),
(966, 74, '21', 'Caution', 1),
(967, 74, '5', 'Normal', 1),
(968, 75, '120 regular', 'Discount: 10%', 0),
(969, 75, '120 premium', 'Discount: 15%', 0),
(970, 75, '80 premium', 'Discount: 5%', 0),
(971, 75, '200 premium', 'Discount: 15%', 0),
(972, 75, '50 regular', 'No discount', 0),
(973, 75, '100 regular', 'No discount', 1),
(974, 75, '101 regular', 'Discount: 10%', 1),
(975, 75, '101 premium', 'Discount: 15%', 1),
(976, 75, '99 premium', 'Discount: 5%', 1),
(977, 75, '150 regular', 'Discount: 10%', 1),
(978, 75, '150 premium', 'Discount: 15%', 1),
(979, 75, '10 regular', 'No discount', 1),
(980, 75, '10 premium', 'Discount: 5%', 1),
(981, 75, '500 premium', 'Discount: 15%', 1),
(982, 75, '1000 regular', 'Discount: 10%', 1),
(983, 76, '3 sedan', '$90', 0),
(984, 76, '5 SUV', '$250', 0),
(985, 76, '8 sedan', '$216', 0),
(986, 76, '10 SUV', '$450', 0),
(987, 76, '7 sedan', '$210', 0),
(988, 76, '1 SUV', '$50', 1),
(989, 76, '2 sedan', '$60', 1),
(990, 76, '9 sedan', '$243', 1),
(991, 76, '15 SUV', '$675', 1),
(992, 76, '8 SUV', '$360', 1),
(993, 76, '6 sedan', '$180', 1),
(994, 76, '12 sedan', '$324', 1),
(995, 76, '7 SUV', '$350', 1),
(996, 76, '20 SUV', '$900', 1),
(997, 76, '4 sedan', '$120', 1),
(998, 77, 'critical', 'Immediate Attention', 0),
(999, 77, 'serious', 'Monitor Closely', 0),
(1000, 77, 'stable', 'Routine Check', 0),
(1001, 77, 'critical', 'Immediate Attention', 0),
(1002, 77, 'stable', 'Routine Check', 0),
(1003, 77, 'serious', 'Monitor Closely', 1),
(1004, 77, 'CRITICAL', 'Immediate Attention', 1),
(1005, 77, 'Stable', 'Routine Check', 1),
(1006, 77, 'SERIOUS', 'Monitor Closely', 1),
(1007, 77, 'critical ', 'Immediate Attention', 1),
(1008, 77, ' stable', 'Routine Check', 1),
(1009, 77, 'serious ', 'Monitor Closely', 1),
(1010, 77, 'critical', 'Immediate Attention', 1),
(1011, 77, 'stable', 'Routine Check', 1),
(1012, 77, 'serious', 'Monitor Closely', 1),
(1013, 78, 'morning', 'Recommend coffee', 0),
(1014, 78, 'afternoon', 'Recommend tea', 0),
(1015, 78, 'evening', 'Recommend snacks', 0),
(1016, 78, 'morning', 'Recommend coffee', 0),
(1017, 78, 'evening', 'Recommend snacks', 0),
(1018, 78, 'night', 'No recommendation', 1),
(1019, 78, 'noon', 'No recommendation', 1),
(1020, 78, 'afternoon', 'Recommend tea', 1),
(1021, 78, 'morning', 'Recommend coffee', 1),
(1022, 78, 'evening', 'Recommend snacks', 1),
(1023, 78, 'late', 'No recommendation', 1),
(1024, 78, 'AM', 'No recommendation', 1),
(1025, 78, 'PM', 'No recommendation', 1),
(1026, 78, 'morning', 'Recommend coffee', 1),
(1027, 78, 'afternoon', 'Recommend tea', 1),
(1028, 79, '25 regular', '$50', 0),
(1029, 79, '35 regular', '$50', 0),
(1030, 79, '65 regular', '$30', 0),
(1031, 79, '30 premium', '$70', 0),
(1032, 79, '65 premium', '$50', 0),
(1033, 79, '18 regular', '$50', 1),
(1034, 79, '40 regular', '$50', 1),
(1035, 79, '41 regular', 'Not eligible', 1),
(1036, 79, '70 regular', '$30', 1),
(1037, 79, '25 premium', '$70', 1),
(1038, 79, '60 premium', '$70', 1),
(1039, 79, '61 premium', '$50', 1),
(1040, 79, '17 regular', 'Not eligible', 1),
(1041, 79, '80 premium', '$50', 1),
(1042, 79, '30 regular', '$50', 1),
(1043, 80, '10', 'Turn on heater', 0),
(1044, 80, '17', 'Turn on heater', 0),
(1045, 80, '18', 'Temperature OK', 0),
(1046, 80, '22', 'Temperature OK', 0),
(1047, 80, '25', 'Turn on AC', 0),
(1048, 80, '30', 'Turn on AC', 1),
(1049, 80, '40', 'Turn on AC', 1),
(1050, 80, '0', 'Turn on heater', 1),
(1051, 80, '15', 'Turn on heater', 1),
(1052, 80, '20', 'Temperature OK', 1),
(1053, 80, '24', 'Temperature OK', 1),
(1054, 80, '26', 'Turn on AC', 1),
(1055, 80, '-5', 'Turn on heater', 1),
(1056, 80, '100', 'Turn on AC', 1),
(1057, 80, '19', 'Temperature OK', 1),
(1058, 81, '25', 'Value stored in dynamically allocated memory: 25', 0),
(1059, 81, '0', 'Value stored in dynamically allocated memory: 0', 0),
(1060, 81, '-5', 'Value stored in dynamically allocated memory: -5', 0),
(1061, 81, '1', 'Value stored in dynamically allocated memory: 1', 1),
(1062, 81, '999', 'Value stored in dynamically allocated memory: 999', 1),
(1063, 81, '100', 'Value stored in dynamically allocated memory: 100', 1),
(1064, 81, '42', 'Value stored in dynamically allocated memory: 42', 1),
(1065, 81, '7', 'Value stored in dynamically allocated memory: 7', 1),
(1066, 81, '88', 'Value stored in dynamically allocated memory: 88', 1),
(1067, 81, '-1', 'Value stored in dynamically allocated memory: -1', 1),
(1068, 81, '500', 'Value stored in dynamically allocated memory: 500', 1),
(1069, 81, '63', 'Value stored in dynamically allocated memory: 63', 1),
(1070, 81, '214', 'Value stored in dynamically allocated memory: 214', 1),
(1071, 81, '2', 'Value stored in dynamically allocated memory: 2', 1),
(1072, 81, '75', 'Value stored in dynamically allocated memory: 75', 1),
(1073, 82, '5\n10 20 30 40 50', '10 20 30 40 50', 0),
(1074, 82, '3\n1 2 3', '1 2 3', 0),
(1075, 82, '1\n99', '99', 0),
(1076, 82, '4\n0 0 0 0', '0 0 0 0', 1),
(1077, 82, '6\n5 4 3 2 1 0', '5 4 3 2 1 0', 1),
(1078, 82, '2\n-1 -2', '-1 -2', 1),
(1079, 82, '7\n1 1 1 1 1 1 1', '1 1 1 1 1 1 1', 1),
(1080, 82, '8\n8 7 6 5 4 3 2 1', '8 7 6 5 4 3 2 1', 1),
(1081, 82, '3\n100 200 300', '100 200 300', 1),
(1082, 82, '5\n9 9 9 9 9', '9 9 9 9 9', 1),
(1083, 82, '4\n1 3 5 7', '1 3 5 7', 1),
(1084, 82, '6\n2 4 6 8 10 12', '2 4 6 8 10 12', 1),
(1085, 82, '5\n-5 -4 -3 -2 -1', '-5 -4 -3 -2 -1', 1),
(1086, 82, '2\n50 60', '50 60', 1),
(1087, 82, '3\n7 8 9', '7 8 9', 1),
(1088, 83, '3\n1 2 3\n5\n4 5', '1 2 3 4 5', 0),
(1089, 83, '2\n5 6\n4\n7 8', '5 6 7 8', 0),
(1090, 83, '1\n9\n3\n10 11', '9 10 11', 0),
(1091, 83, '4\n1 1 1 1\n6\n2 2', '1 1 1 1 2 2', 1),
(1092, 83, '3\n3 2 1\n5\n0 0', '3 2 1 0 0', 1),
(1093, 83, '2\n-1 -2\n3\n-3', '-1 -2 -3', 1),
(1094, 83, '5\n1 2 3 4 5\n7\n6 7', '1 2 3 4 5 6 7', 1),
(1095, 83, '3\n10 20 30\n4\n40', '10 20 30 40', 1),
(1096, 83, '1\n0\n2\n1', '0 1', 1),
(1097, 83, '4\n9 8 7 6\n5\n5', '9 8 7 6 5', 1),
(1098, 83, '2\n100 200\n3\n300', '100 200 300', 1),
(1099, 83, '3\n5 5 5\n6\n5 5 5', '5 5 5 5 5 5', 1),
(1100, 83, '1\n1\n4\n2 3 4', '1 2 3 4', 1),
(1101, 83, '2\n0 0\n3\n0', '0 0 0', 1),
(1102, 83, '3\n7 8 9\n5\n1 2', '7 8 9 1 2', 1),
(1103, 84, '10\n3.14\nA', 'Integer value: 10', 0),
(1104, 84, '5\n2.5\nZ', 'Integer value: 5', 0),
(1105, 84, '0\n0.0\nX', 'Integer value: 0', 0),
(1106, 84, '-10\n-1.5\nB', 'Integer value: -10', 1),
(1107, 84, '99\n9.9\nC', 'Integer value: 99', 1),
(1108, 84, '7\n7.7\nD', 'Integer value: 7', 1),
(1109, 84, '1\n1.1\nE', 'Integer value: 1', 1),
(1110, 84, '50\n5.5\nF', 'Integer value: 50', 1),
(1111, 84, '8\n8.8\nG', 'Integer value: 8', 1),
(1112, 84, '3\n3.3\nH', 'Integer value: 3', 1),
(1113, 84, '12\n1.2\nI', 'Integer value: 12', 1),
(1114, 84, '20\n2.0\nJ', 'Integer value: 20', 1),
(1115, 84, '6\n6.6\nK', 'Integer value: 6', 1),
(1116, 84, '15\n1.5\nL', 'Integer value: 15', 1),
(1117, 84, '2\n2.2\nM', 'Integer value: 2', 1),
(1118, 85, 'Hello', 'Copied string: Hello', 0),
(1119, 85, 'World', 'Copied string: World', 0),
(1120, 85, 'CProgramming', 'Copied string: CProgramming', 0),
(1121, 85, 'Test', 'Copied string: Test', 1),
(1122, 85, 'Pointer', 'Copied string: Pointer', 1),
(1123, 85, 'Memory', 'Copied string: Memory', 1),
(1124, 85, 'Data', 'Copied string: Data', 1),
(1125, 85, 'Stack', 'Copied string: Stack', 1),
(1126, 85, 'Heap', 'Copied string: Heap', 1),
(1127, 85, 'Malloc', 'Copied string: Malloc', 1),
(1128, 85, 'Calloc', 'Copied string: Calloc', 1),
(1129, 85, 'Realloc', 'Copied string: Realloc', 1),
(1130, 85, 'Array', 'Copied string: Array', 1),
(1131, 85, 'String', 'Copied string: String', 1),
(1132, 85, 'Copy', 'Copied string: Copy', 1),
(1133, 86, '50', 'Updated value using pointer to pointer: 100', 0),
(1134, 86, '10', 'Updated value using pointer to pointer: 20', 0),
(1135, 86, '1', 'Updated value using pointer to pointer: 2', 0),
(1136, 86, '0', 'Updated value using pointer to pointer: 0', 1),
(1137, 86, '25', 'Updated value using pointer to pointer: 50', 1),
(1138, 86, '7', 'Updated value using pointer to pointer: 14', 1),
(1139, 86, '9', 'Updated value using pointer to pointer: 18', 1),
(1140, 86, '3', 'Updated value using pointer to pointer: 6', 1),
(1141, 86, '100', 'Updated value using pointer to pointer: 200', 1),
(1142, 86, '8', 'Updated value using pointer to pointer: 16', 1),
(1143, 86, '4', 'Updated value using pointer to pointer: 8', 1),
(1144, 86, '12', 'Updated value using pointer to pointer: 24', 1),
(1145, 86, '6', 'Updated value using pointer to pointer: 12', 1),
(1146, 86, '15', 'Updated value using pointer to pointer: 30', 1),
(1147, 86, '2', 'Updated value using pointer to pointer: 4', 1),
(1148, 87, '100', 'Memory allocated and used', 0),
(1149, 87, '50', 'Memory allocated and used', 0),
(1150, 87, '10', 'Memory allocated and used', 0),
(1151, 87, '1', 'Memory allocated and used', 1),
(1152, 87, '25', 'Memory allocated and used', 1),
(1153, 87, '0', 'Memory allocated and used', 1),
(1154, 87, '5', 'Memory allocated and used', 1),
(1155, 87, '9', 'Memory allocated and used', 1),
(1156, 87, '7', 'Memory allocated and used', 1),
(1157, 87, '3', 'Memory allocated and used', 1),
(1158, 87, '15', 'Memory allocated and used', 1),
(1159, 87, '20', 'Memory allocated and used', 1),
(1160, 87, '30', 'Memory allocated and used', 1),
(1161, 87, '40', 'Memory allocated and used', 1),
(1162, 87, '60', 'Memory allocated and used', 1),
(1163, 88, '10\n20', 'Element popped: 20', 0),
(1164, 88, '5\n15', 'Element popped: 15', 0),
(1165, 88, '1\n2', 'Element popped: 2', 0),
(1166, 88, '7\n9', 'Element popped: 9', 1),
(1167, 88, '3\n6', 'Element popped: 6', 1),
(1168, 88, '8\n4', 'Element popped: 4', 1),
(1169, 88, '11\n22', 'Element popped: 22', 1),
(1170, 88, '14\n28', 'Element popped: 28', 1),
(1171, 88, '100\n200', 'Element popped: 200', 1),
(1172, 88, '2\n4', 'Element popped: 4', 1),
(1173, 88, '9\n18', 'Element popped: 18', 1),
(1174, 88, '6\n12', 'Element popped: 12', 1),
(1175, 88, '10\n5', 'Element popped: 5', 1),
(1176, 88, '20\n10', 'Element popped: 10', 1),
(1177, 88, '1\n1', 'Element popped: 1', 1),
(1178, 89, '101\n85.5', 'ID: 101', 0),
(1179, 89, '1\n50.0', 'ID: 1', 0),
(1180, 89, '200\n99.9', 'ID: 200', 0),
(1181, 89, '10\n10.5', 'ID: 10', 1),
(1182, 89, '15\n75.0', 'ID: 15', 1),
(1183, 89, '5\n60.5', 'ID: 5', 1),
(1184, 89, '88\n88.8', 'ID: 88', 1),
(1185, 89, '12\n42.5', 'ID: 12', 1),
(1186, 89, '7\n70.0', 'ID: 7', 1),
(1187, 89, '3\n33.3', 'ID: 3', 1),
(1188, 89, '9\n90.0', 'ID: 9', 1),
(1189, 89, '14\n14.5', 'ID: 14', 1),
(1190, 89, '22\n22.2', 'ID: 22', 1),
(1191, 89, '30\n60.0', 'ID: 30', 1),
(1192, 89, '11\n11.1', 'ID: 11', 1),
(1193, 90, '2 2\n1 2\n3 4', 'Matrix:', 0),
(1194, 90, '1 1\n5', 'Matrix:', 0),
(1195, 90, '2 3\n1 2 3\n4 5 6', 'Matrix:', 0),
(1196, 90, '3 3\n1 1 1\n2 2 2\n3 3 3', 'Matrix:', 1),
(1197, 90, '2 1\n9\n8', 'Matrix:', 1),
(1198, 90, '1 3\n7 8 9', 'Matrix:', 1),
(1199, 90, '3 2\n1 2\n3 4\n5 6', 'Matrix:', 1),
(1200, 90, '4 1\n1\n2\n3\n4', 'Matrix:', 1),
(1201, 90, '2 2\n0 0\n0 0', 'Matrix:', 1),
(1202, 90, '3 1\n5\n6\n7', 'Matrix:', 1),
(1203, 90, '1 2\n8 9', 'Matrix:', 1),
(1204, 90, '2 4\n1 2 3 4\n5 6 7 8', 'Matrix:', 1),
(1205, 90, '4 2\n1 2\n3 4\n5 6\n7 8', 'Matrix:', 1),
(1206, 90, '1 4\n9 8 7 6', 'Matrix:', 1),
(1207, 90, '3 3\n9 8 7\n6 5 4\n3 2 1', 'Matrix:', 1),
(1208, 91, '4\n5 10 15 20', '5 10 15 20', 0),
(1209, 91, '3\n1 2 3', '1 2 3', 0),
(1210, 91, '1\n9', '9', 0),
(1211, 91, '5\n2 4 6 8 10', '2 4 6 8 10', 1),
(1212, 91, '2\n7 14', '7 14', 1),
(1213, 91, '3\n9 8 7', '9 8 7', 1),
(1214, 91, '4\n1 1 1 1', '1 1 1 1', 1),
(1215, 91, '6\n1 2 3 4 5 6', '1 2 3 4 5 6', 1),
(1216, 91, '3\n0 0 0', '0 0 0', 1),
(1217, 91, '2\n-1 -2', '-1 -2', 1),
(1218, 91, '4\n3 6 9 12', '3 6 9 12', 1),
(1219, 91, '5\n5 4 3 2 1', '5 4 3 2 1', 1),
(1220, 91, '3\n100 200 300', '100 200 300', 1),
(1221, 91, '2\n8 16', '8 16', 1),
(1222, 91, '1\n0', '0', 1),
(1223, 92, 'Attempt', 'Memory allocated successfully', 0),
(1224, 92, 'Test', 'Memory allocated successfully', 0),
(1225, 92, 'Input', 'Memory allocated successfully', 0),
(1226, 92, 'Run', 'Memory allocated successfully', 1),
(1227, 92, 'Data', 'Memory allocated successfully', 1),
(1228, 92, 'Malloc', 'Memory allocated successfully', 1),
(1229, 92, 'Check', 'Memory allocated successfully', 1),
(1231, 92, 'Alloc', 'Memory allocated successfully', 1),
(1232, 92, 'Heap', 'Memory allocated successfully', 1),
(1238, 93, 'Dynamic', 'Stored string: Dynamic', 0),
(1239, 93, 'Memory', 'Stored string: Memory', 0),
(1240, 93, 'Pointer', 'Stored string: Pointer', 0),
(1241, 93, 'Allocation', 'Stored string: Allocation', 1),
(1242, 93, 'String', 'Stored string: String', 1),
(1243, 93, 'Input', 'Stored string: Input', 1),
(1244, 93, 'Test', 'Stored string: Test', 1),
(1245, 93, 'CProgramming', 'Stored string: CProgramming', 1),
(1246, 93, 'Malloc', 'Stored string: Malloc', 1),
(1247, 93, 'Heap', 'Stored string: Heap', 1),
(1248, 93, 'Data', 'Stored string: Data', 1),
(1249, 93, 'Code', 'Stored string: Code', 1),
(1250, 93, 'Array', 'Stored string: Array', 1),
(1251, 93, 'Value', 'Stored string: Value', 1),
(1252, 93, 'User', 'Stored string: User', 1),
(1253, 94, '5 10', 'A: 10', 0),
(1254, 94, '1 2', 'A: 2', 0),
(1255, 94, '100 50', 'A: 50', 0),
(1256, 94, '7 9', 'A: 9', 1),
(1257, 94, '3 6', 'A: 6', 1),
(1258, 94, '0 1', 'A: 1', 1),
(1259, 94, '20 40', 'A: 40', 1),
(1260, 94, '11 22', 'A: 22', 1),
(1261, 94, '8 4', 'A: 4', 1),
(1262, 94, '9 3', 'A: 3', 1),
(1263, 94, '15 30', 'A: 30', 1),
(1264, 94, '2 5', 'A: 5', 1),
(1265, 94, '6 12', 'A: 12', 1),
(1266, 94, '10 1', 'A: 1', 1),
(1267, 94, '50 100', 'A: 100', 1),
(1270, 95, '0', 'Memory freed successfully', 0),
(1272, 95, '25', 'Memory freed successfully', 1),
(1275, 95, '60', 'Memory freed successfully', 1),
(1276, 95, '7', 'Memory freed successfully', 1),
(1277, 95, '9', 'Memory freed successfully', 1),
(1278, 95, '12', 'Memory freed successfully', 1),
(1279, 95, '15', 'Memory freed successfully', 1),
(1283, 96, '18', 'Even', 0),
(1284, 96, '27', 'Odd', 0),
(1285, 96, '0', 'Even', 1),
(1286, 96, '-2', 'Even', 1),
(1287, 96, '-3', 'Odd', 1),
(1288, 96, '1', 'Odd', 1),
(1289, 96, '100000', 'Even', 1),
(1290, 96, '99999', 'Odd', 1),
(1291, 97, '10 1', 'After setting bit: 10\nAfter clearing bit: 8\nAfter toggling bit: 8', 0),
(1292, 97, '5 0', 'After setting bit: 5\nAfter clearing bit: 4\nAfter toggling bit: 4', 1),
(1293, 97, '8 3', 'After setting bit: 8\nAfter clearing bit: 0\nAfter toggling bit: 0', 1),
(1294, 97, '0 2', 'After setting bit: 4\nAfter clearing bit: 0\nAfter toggling bit: 4', 1),
(1295, 98, '15', 'Number of set bits: 4', 0),
(1296, 98, '10', 'Number of set bits: 2', 0),
(1297, 98, '0', 'Number of set bits: 0', 1),
(1298, 98, '1', 'Number of set bits: 1', 1),
(1299, 98, '255', 'Number of set bits: 8', 1),
(1300, 98, '1024', 'Number of set bits: 1', 1),
(1301, 99, '12 7 23', 'Packed integer value: 786199', 0),
(1302, 99, '1 1 1', 'Packed integer value: 65793', 1),
(1303, 99, '31 12 99', 'Packed integer value: 2031747', 1),
(1304, 99, '0 0 0', 'Packed integer value: 0', 1),
(1305, 100, 'run', 'Size of Structure A', 0),
(1306, 100, 'run', 'Size of Structure B', 0),
(1307, 101, '65 3.5 A', 'Integer value stored', 0),
(1308, 101, '100 2.1 B', 'Float value overwrites integer', 1),
(1309, 101, '50 1.5 Z', 'Character value overwrites previous data', 1),
(1310, 102, '101 88', 'Student ID: 101\nMarks: 88', 0),
(1311, 102, '1 0', 'Student ID: 1\nMarks: 0', 1),
(1312, 102, '999 100', 'Student ID: 999\nMarks: 100', 1),
(1313, 103, '1 0 2', 'Power ON\nNo Error\nMode: 2', 0),
(1314, 103, '0 1 1', 'Power OFF\nError\nMode: 1', 1),
(1315, 103, '1 1 3', 'Power ON\nError\nMode: 3', 1),
(1316, 104, '10 20', 'A: 20\nB: 10', 0),
(1317, 104, '0 5', 'A: 5\nB: 0', 1),
(1318, 104, '-1 1', 'A: 1\nB: -1', 1),
(1319, 105, '16', 'Power of two', 0),
(1320, 105, '18', 'Not a power of two', 0),
(1321, 105, '1', 'Power of two', 1),
(1322, 105, '0', 'Not a power of two', 1),
(1323, 105, '1024', 'Power of two', 1),
(1324, 106, '201 75', 'Copied ID: 201\nCopied Score: 75', 0),
(1325, 106, '1 1', 'Copied ID: 1\nCopied Score: 1', 1),
(1326, 107, 'check', 'System is Little Endian', 0),
(1327, 107, 'check', 'System is Big Endian', 1),
(1328, 108, '29 15', 'Extracted value: 13', 0),
(1329, 108, '255 240', 'Extracted value: 240', 1),
(1330, 108, '7 3', 'Extracted value: 3', 1),
(1331, 109, '301 12', 'Employee ID: 301\nDepartment ID: 12', 0),
(1332, 109, '1 1', 'Employee ID: 1\nDepartment ID: 1', 1),
(1333, 110, '5', 'Result after toggling bits: -6', 0),
(1334, 110, '0', 'Result after toggling bits: -1', 1),
(1335, 110, '-1', 'Result after toggling bits: 0', 1),
(1336, 111, '101 Alice', 'ID: 101\nName: Alice', 0),
(1337, 111, '1 Bob', 'ID: 1\nName: Bob', 1),
(1338, 111, '999 John', 'ID: 999\nName: John', 1),
(1339, 111, '0 Empty', 'ID: 0\nName: Empty', 1),
(1340, 111, '-5 Test', 'ID: -5\nName: Test', 1),
(1346, 112, '12 85', 'Object created\nRoll Number: 12\nMarks: 85', 0),
(1347, 112, '1 0', 'Object created\nRoll Number: 1\nMarks: 0', 1),
(1348, 112, '100 100', 'Object created\nRoll Number: 100\nMarks: 100', 1),
(1349, 112, '-1 50', 'Object created\nRoll Number: -1\nMarks: 50', 1),
(1350, 113, 'scope', 'Constructor called\nInside object scope\nDestructor called', 0),
(1351, 113, 'block', 'Constructor called\nDestructor called', 1),
(1352, 113, 'auto', 'Constructor called\nDestructor called', 1),
(1353, 114, '2 1 80 2 90', 'ID: 1 Score: 80\nID: 2 Score: 90', 0),
(1354, 114, '1 5 100', 'ID: 5 Score: 100', 1),
(1355, 114, '3 1 10 2 20 3 30', 'ID: 1 Score: 10\nID: 2 Score: 20\nID: 3 Score: 30', 1),
(1356, 115, '12345 5000', 'Account Number: 12345\nBalance: 5000\nDirect access restricted', 0),
(1357, 115, '1 0', 'Account Number: 1\nBalance: 0\nDirect access restricted', 1),
(1358, 115, '99999 99999', 'Account Number: 99999\nBalance: 99999\nDirect access restricted', 1),
(1359, 116, '3', 'Number of objects created: 3', 0),
(1360, 116, '1', 'Number of objects created: 1', 1),
(1361, 116, '5', 'Number of objects created: 5', 1),
(1362, 117, 'John 21', 'Inside function:\nName: John\nAge: 21', 0),
(1363, 117, 'Alice 18', 'Inside function:\nName: Alice\nAge: 18', 1),
(1364, 117, 'Bob 0', 'Inside function:\nName: Bob\nAge: 0', 1),
(1365, 118, 'call', 'Returned object data:\nProduct ID: 501\nPrice: 1200', 0),
(1366, 118, 'invoke', 'Returned object data:\nProduct ID: 501\nPrice: 1200', 1),
(1367, 119, '10 5', 'Area: 50', 0),
(1368, 119, '1 1', 'Area: 1', 1),
(1369, 119, '100 0', 'Area: 0', 1),
(1370, 119, '7 8', 'Area: 56', 1),
(1371, 120, 'create', 'Default values initialized\nValue: 0', 0),
(1372, 120, 'object', 'Default values initialized\nValue: 0', 1),
(1373, 121, 'init', 'Constant value: 100', 0),
(1374, 121, 'object', 'Constant value: 100', 1),
(1375, 122, 'const', 'Displaying data using constant function', 0),
(1376, 122, 'readonly', 'Displaying data using constant function', 1),
(1377, 123, '75', 'Stored value: 75', 0),
(1378, 123, '0', 'Stored value: 0', 1),
(1379, 123, '-5', 'Stored value: -5', 1),
(1380, 123, '999', 'Stored value: 999', 1),
(1381, 124, '40', 'Stored value using this pointer: 40', 0),
(1382, 124, '0', 'Stored value using this pointer: 0', 1),
(1383, 124, '-10', 'Stored value using this pointer: -10', 1),
(1384, 125, 'block', 'Object created\nInside block\nObject destroyed', 0),
(1385, 125, 'scope', 'Object created\nObject destroyed', 1),
(1386, 126, '101 85', 'Base class data accessed\nID: 101\nDerived class data accessed\nScore: 85', 0),
(1387, 126, '1 1', 'Base class data accessed\nID: 1\nDerived class data accessed\nScore: 1', 1),
(1388, 126, '999 100', 'Base class data accessed\nID: 999\nDerived class data accessed\nScore: 100', 1),
(1389, 126, '0 0', 'Base class data accessed\nID: 0\nDerived class data accessed\nScore: 0', 1),
(1390, 126, '50 75', 'Base class data accessed\nID: 50\nDerived class data accessed\nScore: 75', 1),
(1391, 126, '10 20', 'Base class data accessed\nID: 10\nDerived class data accessed\nScore: 20', 1),
(1392, 126, '123 456', 'Base class data accessed\nID: 123\nDerived class data accessed\nScore: 456', 1),
(1393, 126, '77 88', 'Base class data accessed\nID: 77\nDerived class data accessed\nScore: 88', 1),
(1394, 127, '', 'Base class constructor called\nDerived class constructor called', 0),
(1396, 127, '', 'Base class constructor called\nDerived class constructor called', 1),
(1397, 127, '', 'Base class constructor called\nDerived class constructor called', 1),
(1398, 127, '', 'Base class constructor called\nDerived class constructor called', 1),
(1403, 128, '', 'Derived class display function called', 1),
(1404, 128, '', 'Derived class display function called', 1),
(1408, 128, '', 'Derived class display function called', 1),
(1409, 128, '', 'Derived class display function called', 1),
(1411, 129, '', 'Derived class function executed', 1),
(1412, 129, '', 'Derived class function executed', 1),
(1413, 129, '', 'Derived class function executed', 1),
(1414, 129, '', 'Derived class function executed', 1),
(1418, 130, '', 'Derived class virtual function executed', 0),
(1419, 130, '', 'Derived class virtual function executed', 1),
(1421, 130, '', 'Derived class virtual function executed', 1),
(1426, 131, '', 'Pure virtual function implemented in derived class', 0);
INSERT INTO `test_cases` (`test_case_id`, `question_id`, `input`, `expected_output`, `is_hidden`) VALUES
(1427, 131, '', 'Pure virtual function implemented in derived class', 1),
(1428, 131, '', 'Pure virtual function implemented in derived class', 1),
(1434, 132, 'Car 80', 'Vehicle type: Car\nMaximum speed: 80 km/h', 0),
(1435, 132, 'Bike 60', 'Vehicle type: Bike\nMaximum speed: 60 km/h', 1),
(1436, 132, 'Car 0', 'Vehicle type: Car\nMaximum speed: 0 km/h', 1),
(1437, 132, 'Bus 40', 'Vehicle type: Bus\nMaximum speed: 40 km/h', 1),
(1438, 132, 'Truck 90', 'Vehicle type: Truck\nMaximum speed: 90 km/h', 1),
(1439, 132, 'Car 120', 'Vehicle type: Car\nMaximum speed: 120 km/h', 1),
(1440, 132, 'Bike 1', 'Vehicle type: Bike\nMaximum speed: 1 km/h', 1),
(1441, 132, 'Car 999', 'Vehicle type: Car\nMaximum speed: 999 km/h', 1),
(1442, 133, '', 'Derived class destructor called\nBase class destructor called', 0),
(1443, 133, '', 'Derived class destructor called\nBase class destructor called', 1),
(1444, 133, '', 'Derived class destructor called\nBase class destructor called', 1),
(1447, 133, '', 'Derived class destructor called\nBase class destructor called', 1),
(1450, 134, '', 'Base class accessed\nIntermediate class accessed\nDerived class accessed', 0),
(1451, 134, '', 'Base class accessed\nIntermediate class accessed\nDerived class accessed', 1),
(1457, 134, '', 'Base class accessed\nIntermediate class accessed\nDerived class accessed', 1),
(1460, 135, '', 'Base class function called\nDerived class A function called\nDerived class B function called', 1),
(1461, 135, '', 'Base class function called\nDerived class A function called\nDerived class B function called', 1),
(1466, 136, '', 'Upcasting successful\nDowncasting successful', 0),
(1467, 136, '', 'Upcasting successful\nDowncasting successful', 1),
(1474, 136, '', 'Upcasting successful\nDowncasting successful', 0),
(1475, 136, '', 'Upcasting successful\nDowncasting successful', 1),
(1476, 136, '', 'Upcasting successful\nDowncasting successful', 1),
(1477, 136, '', 'Upcasting successful\nDowncasting successful', 1),
(1478, 136, '', 'Upcasting successful\nDowncasting successful', 1),
(1479, 136, '', 'Upcasting successful\nDowncasting successful', 1),
(1480, 137, '', 'Function overriding not allowed', 0),
(1481, 137, '', 'Function overriding not allowed', 1),
(1482, 138, '', 'Base class function called', 0),
(1483, 138, '', 'Base class function called', 1),
(1484, 139, 'Circle', 'Calculating area of circle', 0),
(1485, 139, 'Rectangle', 'Calculating area of rectangle', 1),
(1486, 140, '', 'Derived class method executed', 0),
(1487, 140, '', 'Derived class method executed', 1),
(1488, 141, '10 20 30 40 | del 20', '10 30 40', 1),
(1489, 141, '1 2 3 | del 2', '1 3', 1),
(1490, 141, '5 5 5 | del 5', '', 1),
(1491, 141, '9 | del 9', '', 1),
(1492, 141, '10 20 | del 30', '10 20', 1),
(1493, 141, '', '', 1),
(1494, 141, '100 200 | del 100', '200', 1),
(1495, 141, '3 4 5 | del 4', '3 5', 1),
(1504, 142, '1 Alice 2 Bob | search 2', 'Key found\nValue: Bob', 1),
(1505, 142, '1 A 2 B | search 3', 'Key not found', 1),
(1506, 142, '10 X | search 10', 'Key found\nValue: X', 1),
(1507, 142, '', 'Key not found', 1),
(1508, 142, '5 Tom 6 Sam | search 6', 'Key found\nValue: Sam', 1),
(1509, 142, '3 C | search 3', 'Key found\nValue: C', 1),
(1510, 142, '7 Z | search 8', 'Key not found', 1),
(1511, 142, '1 A 2 B 3 C | search 1', 'Key found\nValue: A', 1),
(1512, 143, '40 10 20 10 30', '10 20 30 40', 1),
(1513, 143, '5 5 5', '5', 1),
(1514, 143, '3 2 1', '1 2 3', 1),
(1515, 143, '', '', 1),
(1516, 143, '9', '9', 1),
(1517, 143, '8 7 6 5', '5 6 7 8', 1),
(1518, 143, '1 1 2 2', '1 2', 1),
(1519, 143, '100 50', '50 100', 1),
(1520, 144, '5 15 25 35', '5 15 25 35', 1),
(1521, 144, '', '', 1),
(1522, 144, '9', '9', 1),
(1523, 144, '1 2', '1 2', 1),
(1524, 144, '10 20 30', '10 20 30', 1),
(1525, 144, '7 14 21', '7 14 21', 1),
(1526, 144, '0', '0', 1),
(1527, 144, '-1 -2', '-1 -2', 1),
(1528, 145, '1 2 3 4 5', '5 4 3 2 1', 1),
(1529, 145, '9', '9', 1),
(1530, 145, '', '', 1),
(1531, 145, '1 1 1', '1 1 1', 1),
(1532, 145, '5 4 3', '3 4 5', 1),
(1533, 145, '10 20', '20 10', 1),
(1534, 145, '0', '0', 1),
(1535, 145, '-1 -2', '-2 -1', 1),
(1536, 146, 'Alice Bob', 'Serving: Alice\nRemaining: Bob', 1),
(1537, 146, 'John', 'Serving: John\nQueue empty', 1),
(1538, 146, '', 'Queue empty', 1),
(1539, 146, 'A B C', 'Serving: A\nRemaining: B C', 1),
(1540, 146, 'X Y', 'Serving: X\nRemaining: Y', 1),
(1541, 146, 'P', 'Serving: P\nQueue empty', 1),
(1542, 146, 'M N', 'Serving: M\nRemaining: N', 1),
(1543, 146, 'Solo', 'Serving: Solo\nQueue empty', 1),
(1544, 147, '50 10 40 20', '10 20 40 50', 1),
(1545, 147, '', '', 1),
(1546, 147, '9', '9', 1),
(1547, 147, '5 5 5', '5 5 5', 1),
(1548, 147, '3 2 1', '1 2 3', 1),
(1549, 147, '-1 -3', '-3 -1', 1),
(1550, 147, '10 0', '0 10', 1),
(1551, 147, '100 50', '50 100', 1),
(1552, 148, '10 25', '35', 1),
(1553, 148, '0 0', '0', 1),
(1554, 148, '-5 5', '0', 1),
(1555, 148, '100 200', '300', 1),
(1556, 148, '1 1', '2', 1),
(1557, 148, '-10 -20', '-30', 1),
(1558, 148, '50 -10', '40', 1),
(1559, 148, '999 1', '1000', 1),
(1560, 149, '7 2 9 4 1', 'Max:9 Min:1', 1),
(1561, 149, '5', 'Max:5 Min:5', 1),
(1562, 149, '', '', 1),
(1563, 149, '-1 -5', 'Max:-1 Min:-5', 1),
(1564, 149, '100 200', 'Max:200 Min:100', 1),
(1565, 149, '0', 'Max:0 Min:0', 1),
(1566, 149, '3 3 3', 'Max:3 Min:3', 1),
(1567, 149, '9 8 7', 'Max:9 Min:7', 1),
(1568, 150, '1 2 3 2 2 4 | 2', '3', 1),
(1569, 150, '5 5 5 | 5', '3', 1),
(1570, 150, '', '0', 1),
(1571, 150, '1 2 3 | 4', '0', 1),
(1572, 150, '9 | 9', '1', 1),
(1573, 150, '0 0 0 | 0', '3', 1),
(1574, 150, '-1 -1 | -1', '2', 1),
(1575, 150, '1 2 1 2 | 1', '2', 1),
(1576, 151, '5 10 5 20 5 | 5', '10 20', 1),
(1577, 151, '1 1 1 | 1', '', 1),
(1578, 151, '', '', 1),
(1579, 151, '9 | 9', '', 1),
(1580, 151, '1 2 3 | 4', '1 2 3', 1),
(1581, 151, '0 0 | 0', '', 1),
(1582, 151, '5 6 7 | 6', '5 7', 1),
(1583, 151, '10 10 | 10', '', 1),
(1584, 152, 'A3 B1 C2', 'A C B', 1),
(1585, 152, 'X5', 'X', 1),
(1586, 152, '', '', 1),
(1587, 152, 'P2 Q3', 'Q P', 1),
(1588, 152, 'A1 B1', 'B A', 1),
(1589, 152, 'M9 N1', 'M N', 1),
(1590, 152, 'T4', 'T', 1),
(1591, 152, 'U2 V2', 'V U', 1),
(1592, 153, '101 Math 102 Sci | 101', 'Math', 1),
(1593, 153, '', 'Not found', 1),
(1594, 153, '5 A | 6', 'Not found', 1),
(1595, 153, '1 X | 1', 'X', 1),
(1596, 153, '9 Z | 9', 'Z', 1),
(1597, 153, '100 C | 100', 'C', 1),
(1598, 153, '2 B | 3', 'Not found', 1),
(1599, 153, '7 G | 7', 'G', 1),
(1600, 154, '14', 'Even number', 1),
(1601, 154, '7', 'Odd number', 1),
(1602, 154, '0', 'Even number', 1),
(1603, 154, '-2', 'Even number', 1),
(1604, 154, '-3', 'Odd number', 1),
(1605, 154, '1', 'Odd number', 1),
(1606, 154, '100', 'Even number', 1),
(1607, 154, '999', 'Odd number', 1),
(1608, 155, '3 6 9', '3\n6\n9', 1),
(1609, 155, '', '', 1),
(1610, 155, '5', '5', 1),
(1611, 155, '1 2', '1\n2', 1),
(1612, 155, '0', '0', 1),
(1613, 155, '-1 -2', '-1\n-2', 1),
(1614, 155, '10 20 30', '10\n20\n30', 1),
(1615, 155, '7 7', '7\n7', 1);

-- --------------------------------------------------------

--
-- Table structure for table `topics`
--

CREATE TABLE `topics` (
  `topic_id` int(11) NOT NULL,
  `topic_name` varchar(50) NOT NULL,
  `description` text DEFAULT NULL
) ENGINE=InnoDB DEFAULT CHARSET=utf8mb4 COLLATE=utf8mb4_general_ci;

--
-- Dumping data for table `topics`
--

INSERT INTO `topics` (`topic_id`, `topic_name`, `description`) VALUES
(6, 'Applied Math Reasoning', 'Mathematical logic and reasoning problems'),
(7, 'Index Mapping & Projection', 'Index based mapping and projection logic problems'),
(8, 'Generative Pattern Systems', 'Pattern generation using rules, recursion, matrices, and progression logic'),
(9, 'Intelligent Data Filtering', 'Filtering, cleaning, prioritizing, and extracting meaningful data using intelligent rules'),
(10, 'Decision & Strategy Logic', 'Decision making, voting, risk evaluation, conflict resolution, and strategy selection logic'),
(11, 'Logical Pattern Generation', 'Pattern printing using loops, numbers, stars, and logical sequencing'),
(12, 'Decision-Making and Scenario-Based Logic', 'Programs focused on real-world decision making using conditions, rules, and scenarios'),
(13, 'C-Only Concepts – Manual Memory and Low-Level Cont', 'Programs focusing on pointers, dynamic memory, and low-level control in C'),
(14, 'C-Only Concepts – Structures and Bit-Level Operati', 'Programs using bitwise operators, structures, unions, bit-fields, and low-level C concepts'),
(15, 'C++ OOP Basics', 'C++ object-oriented programming fundamentals: classes, constructors, objects'),
(16, 'C++ Inheritance & Polymorphism', 'C++ inheritance, polymorphism, virtual functions and abstraction'),
(17, 'C++ STL and Modern Features', 'Programs demonstrating STL containers, algorithms, lambda expressions, and modern C++ features');

--
-- Indexes for dumped tables
--

--
-- Indexes for table `questions`
--
ALTER TABLE `questions`
  ADD PRIMARY KEY (`question_id`),
  ADD KEY `topic_id` (`topic_id`);

--
-- Indexes for table `question_variants`
--
ALTER TABLE `question_variants`
  ADD PRIMARY KEY (`variant_id`),
  ADD UNIQUE KEY `question_id` (`question_id`,`language`);

--
-- Indexes for table `test_cases`
--
ALTER TABLE `test_cases`
  ADD PRIMARY KEY (`test_case_id`),
  ADD KEY `question_id` (`question_id`);

--
-- Indexes for table `topics`
--
ALTER TABLE `topics`
  ADD PRIMARY KEY (`topic_id`),
  ADD UNIQUE KEY `topic_name` (`topic_name`);

--
-- AUTO_INCREMENT for dumped tables
--

--
-- AUTO_INCREMENT for table `questions`
--
ALTER TABLE `questions`
  MODIFY `question_id` int(11) NOT NULL AUTO_INCREMENT, AUTO_INCREMENT=156;

--
-- AUTO_INCREMENT for table `question_variants`
--
ALTER TABLE `question_variants`
  MODIFY `variant_id` int(11) NOT NULL AUTO_INCREMENT, AUTO_INCREMENT=251;

--
-- AUTO_INCREMENT for table `test_cases`
--
ALTER TABLE `test_cases`
  MODIFY `test_case_id` int(11) NOT NULL AUTO_INCREMENT, AUTO_INCREMENT=1616;

--
-- AUTO_INCREMENT for table `topics`
--
ALTER TABLE `topics`
  MODIFY `topic_id` int(11) NOT NULL AUTO_INCREMENT, AUTO_INCREMENT=18;

--
-- Constraints for dumped tables
--

--
-- Constraints for table `questions`
--
ALTER TABLE `questions`
  ADD CONSTRAINT `questions_ibfk_1` FOREIGN KEY (`topic_id`) REFERENCES `topics` (`topic_id`);

--
-- Constraints for table `question_variants`
--
ALTER TABLE `question_variants`
  ADD CONSTRAINT `question_variants_ibfk_1` FOREIGN KEY (`question_id`) REFERENCES `questions` (`question_id`);

--
-- Constraints for table `test_cases`
--
ALTER TABLE `test_cases`
  ADD CONSTRAINT `test_cases_ibfk_1` FOREIGN KEY (`question_id`) REFERENCES `questions` (`question_id`);
COMMIT;

/*!40101 SET CHARACTER_SET_CLIENT=@OLD_CHARACTER_SET_CLIENT */;
/*!40101 SET CHARACTER_SET_RESULTS=@OLD_CHARACTER_SET_RESULTS */;
/*!40101 SET COLLATION_CONNECTION=@OLD_COLLATION_CONNECTION */;
